Student Tag,Enrollment Term,Subject,Entry Teacher,Entry Teacher Tag,Exit Teacher Name,Exit Teacher Tag,Q1 (Before),Q1 (After),Q1 (Change),Q2 (Before),Q2 (After),Q2 (Change),Q3 (Before),Q3 (After),Q3 (Change),Q4 (Before),Q4 (After),Q4 (Change),Q5 (Before),Q5 (After),Q5 (Change),Q6 (Before),Q6 (After),Q6( Change),Q7 (Before),Q7 (After),Q7 (Change),Q8 (Before),Q8 (After),Q8 (Change),Q9 (Before),Q9 (After),Q9 (Change),Q10 (Before),Q10 (After),Q10 (Change),Q11 (Before),Q11 (After),Q11 (Change),Q12 (Before),Q12 (After),Q12 (Change),Q13 (Before),Q13 (After),Q13 (Change),Q14 (Before),Q14 (After),Q14 (Change),Q15 (Before),Q15 (After),Q15 (Change),Q16 (Before),Q16 (After),Q16 (Change),Q17 (Before),Q17 (After),Q17 (Change),Q18 (Assigned Text Read Completely),Q19 (Chinese Translation),Q20 (Time/RJ),Q21 (Time/reading),Q22 (% Lecture),Q23 (% tutorial participation),Q24,Q25,Q26,Q27,Q28,Q29,Q30,Q31,Q32,Q33,Q34,Q35,Sex,"Phy (1: normal, 2:mainland)","Chem(1: normal, 2:mainland)","Bio(1: normal, 2:mainland)",Com Sci,Inter Sci,Eng Lit,Chin Lit,"History(1: normal, 2:mainland)",Chin History,Ethics & RS,Music,Visual Art,Econ,"Geog(1: normal, 2:mainland)",Politics_Mainland,Language,English Proficiency,Year of Study,Faculty,Term GPA,Grade,cGPA (After),cGPA (Before),College,First GEF?,"ScienceSubject (Phy,Chem,Bio,InterSci,CombSci)","HumanitiesSub (ChinHist, Hist, ChinLit, EngLit, RS, Politics)",Raw Mark (Performance),OD?,Part I,Part II,Part III,OD Total,Civ 4?,Once,Twice,Civ4 Total,Quiz 1,Quiz 2,Quiz 3,Quiz 4,Quiz 5,Quiz Highest 4,Quiz Converted,RJQ,RJ Thinking (/6),RJ Understanding (/4),RJ Language (/1),RJ Presentation (/1),RJ Total (/12),RJ Converted (/15),TP Q,TP Thinking (/6),TP Understanding (/4),TP Language (/2),TP Presentation (/2),TP Total (/14),TP Converted (/35),Total,Q36,Q37,Q38,Q39,Q40,Q41,Q42,Q43,Q44,Q45,Q46,Q46_No_a,Q46_No_b,Q46_No_c,Q46_No_d,Q46_No_e,Q46_No_f,Q46_No_g
20,1617T1,UNFN,Kai Ming,10,Kai Ming,10,3,4,1,5,4,-1,2,2,0,2,2,0,3,2,-1,4,2,-2,4,3,-1,4,2,-2,3,3,0,3,2,-1,3,2,-1,3,2,-1,2,3,1,4,3,-1,3,2,-1,5,2,-3,5,3,-2,6 to 7,2 to 3,6 to <10,2 to <3,81-100%,81-100%,3,3,3,3,3,3,3,3,3,3,3,3,F,1,1,BLANK,BLANK,BLANK,BLANK,BLANK,BLANK,BLANK,BLANK,BLANK,BLANK,BLANK,BLANK,,Cantonese,Others,2,SCF,2.12,C+,2.56,2.77,CUC,No,2,0,14.60,1.00,2.00,1.00,1.00,4.00,0.00,0.00,0.00,0.00,7.00,4.00,4.00,5.00,6.00,22.00,13.20,3.00,3.00,2.00,1.00,0.50,6.50,8.13,4.00,3.50,2.00,2.00,2.00,9.50,23.75,63.68,2,2,2,1,1,NA,NA,NA,NA,NA,0,1,BLANK,BLANK,BLANK,BLANK,BLANK,BLANK
63,1617T1,UNFN,Kai Ming,10,Kai Ming,10,4,4,0,5,5,0,4,4,0,4,4,0,3,3,0,4,3,-1,4,5,1,5,5,0,4,5,1,5,5,0,5,5,0,5,5,0,4,5,1,4,5,1,4,5,1,4,5,1,4,5,1,8 to 9,8 to 9,3 to <6,1 to <2,81-100%,81-100%,4,4,4,4,4,4,4,4,4,4,4,4,M,1,1,1,BLANK,BLANK,BLANK,BLANK,BLANK,BLANK,BLANK,BLANK,BLANK,BLANK,BLANK,,Cantonese,DSE 4 or below,1,MED,2.83,B+,2.83,0.00,CSC,Yes,3,0,16.10,1.00,2.00,2.00,2.00,6.00,0.00,0.00,0.00,0.00,5.00,6.00,8.00,5.00,6.00,25.00,15.00,3.00,4.00,2.50,0.50,1.00,8.00,10.00,1.00,5.00,3.00,2.00,2.00,12.00,30.00,77.10,3,3,4,3,3,NA,NA,NA,NA,NA,1,BLANK,1,BLANK,BLANK,1,BLANK,BLANK
66,1617T1,UNFN,Kai Ming,10,Kai Ming,10,4,4,0,5,4,-1,2,4,2,2,4,2,3,4,1,5,4,-1,5,4,-1,5,4,-1,4,4,0,4,4,0,4,4,0,4,4,0,4,4,0,5,4,-1,4,4,0,4,4,0,5,4,-1,2 to 3,2 to 3,3 to <6,2 to <3,1-20%,81-100%,4,4,4,4,4,4,4,4,4,4,4,4,M,1,1,1,BLANK,BLANK,BLANK,BLANK,BLANK,BLANK,BLANK,BLANK,BLANK,BLANK,BLANK,,Cantonese,DSE 5 or above,1,MED,3.23,B+,3.23,0.00,CNA,Yes,3,0,13.10,1.00,2.00,2.00,2.00,6.00,0.00,0.00,0.00,0.00,9.00,10.00,10.00,9.00,8.00,38.00,22.80,1.00,5.00,3.00,1.00,1.00,10.00,12.50,1.00,3.50,2.00,2.00,2.00,9.50,23.75,78.15,4,4,4,2,2,BLANK,BLANK,BLANK,BLANK,BLANK,0,BLANK,BLANK,BLANK,BLANK,1,BLANK,BLANK
102,1617T1,UNFN,Kai Ming,10,Kai Ming,10,4,4,0,5,5,0,5,5,0,4,5,1,6,5,-1,5,5,0,4,4,0,5,5,0,2,3,1,5,5,0,4,4,0,4,3,-1,5,4,-1,6,3,-3,5,4,-1,4,6,2,6,6,0,8 to 9,8 to 9,6 to <10,1 to <2,61-80%,81-100%,4,5,5,4,5,4,4,5,4,5,5,4,F,BLANK,1,1,BLANK,BLANK,BLANK,BLANK,1,BLANK,BLANK,BLANK,BLANK,BLANK,BLANK,,Cantonese,DSE 5 or above,1,SSF,3.14,B-,3.14,0.00,CWS,Yes,2,1,14.50,1.00,2.00,2.00,0.00,4.00,0.00,0.00,0.00,0.00,7.00,5.00,6.00,6.00,3.00,24.00,14.40,1.00,2.50,2.00,1.00,1.00,6.50,8.13,4.00,4.00,2.00,2.00,2.00,10.00,25.00,66.03,3,3,4,4,4,NA,NA,NA,NA,NA,1,BLANK,BLANK,BLANK,BLANK,BLANK,BLANK,BLANK
110,1617T1,UNFN,Kai Ming,10,Kai Ming,10,4,5,1,5,5,0,3,5,2,3,5,2,3,4,1,4,4,0,4,5,1,3,5,2,3,6,3,5,6,1,5,5,0,4,5,1,3,6,3,4,6,2,4,5,1,4,5,1,2,6,4,8 to 9,2 to 3,10 to <15,1 to <2,81-100%,81-100%,2,4,5,4,4,5,5,5,4,5,5,5,M,1,1,1,BLANK,BLANK,BLANK,BLANK,BLANK,BLANK,BLANK,BLANK,BLANK,BLANK,BLANK,,Cantonese,DSE 5 or above,1,MED,3.38,A-,3.38,0.00,CCW,Yes,3,0,17.40,1.00,0.00,0.00,0.00,0.00,1.00,4.00,3.00,7.00,9.00,10.00,10.00,8.00,10.00,39.00,23.40,1.00,5.00,3.00,1.00,1.00,10.00,12.50,2.00,4.00,3.00,2.00,1.50,10.50,26.25,86.55,NA,NA,NA,NA,NA,4,2,5,1,4,1,BLANK,BLANK,BLANK,BLANK,BLANK,BLANK,BLANK
112,1617T1,UNFN,Kai Ming,10,Kai Ming,10,3,5,2,4,5,1,4,5,1,5,5,0,4,5,1,5,5,0,5,5,0,5,5,0,4,5,1,4,5,1,4,5,1,5,5,0,5,5,0,5,5,0,5,5,0,5,5,0,5,5,0,2 to 3,6 to 7,3 to <6,2 to <3,1-20%,81-100%,3,4,4,4,4,4,4,4,4,4,4,4,F,BLANK,1,1,BLANK,BLANK,BLANK,BLANK,BLANK,BLANK,BLANK,BLANK,BLANK,BLANK,BLANK,,Cantonese,DSE 5 or above,1,MED,2.99,B-,2.99,0.00,CCC,Yes,2,0,12.00,1.00,2.00,2.00,1.00,5.00,0.00,0.00,0.00,0.00,7.00,8.00,4.00,7.00,7.00,29.00,17.40,3.00,3.50,2.00,1.00,0.50,7.00,8.75,1.00,4.00,2.50,2.00,2.00,10.50,26.25,69.40,4,4,4,4,4,4,4,4,4,4,1,BLANK,BLANK,BLANK,BLANK,1,BLANK,BLANK
140,1617T1,UNFN,Klaus,12,Kai Ming,10,5,5,0,3,5,2,5,4,-1,5,4,-1,3,4,1,6,6,0,5,6,1,5,5,0,5,6,1,5,5,0,5,4,-1,4,5,1,6,3,-3,4,3,-1,5,3,-2,3,4,1,6,6,0,0 to 1,0 to 1,1 to <3,1 to <2,81-100%,81-100%,3,5,4,3,4,5,4,4,4,4,2,NA,M,BLANK,1,1,BLANK,BLANK,BLANK,BLANK,BLANK,BLANK,BLANK,BLANK,BLANK,BLANK,BLANK,,Cantonese,DSE 4 or below,1,SCF,3.38,B+,3.38,0.00,CCC,Yes,2,0,15.80,1.00,0.00,0.00,0.00,0.00,1.00,3.00,3.00,6.00,8.00,7.00,8.00,9.00,7.00,32.00,19.20,3.00,4.00,2.50,1.00,1.00,8.50,10.63,1.00,4.00,3.00,1.50,1.50,10.00,25.00,76.63,NA,NA,NA,NA,NA,2,2,4,2,4,0,1,BLANK,BLANK,BLANK,1,1,BLANK
141,1617T1,UNFN,Kai Ming,10,Kai Ming,10,2,4,2,6,5,-1,2,4,2,2,4,2,4,4,0,5,5,0,5,6,1,6,6,0,3,5,2,3,5,2,4,5,1,3,5,2,2,4,2,4,6,2,3,5,2,3,6,3,4,5,1,10 to 11,8 to 9,10 to <15,4 to <5,81-100%,81-100%,3,5,3,3,3,3,3,3,4,4,4,NA,M,BLANK,BLANK,BLANK,BLANK,BLANK,BLANK,BLANK,BLANK,BLANK,BLANK,BLANK,BLANK,BLANK,BLANK,,Putonghua,Others,1,ENF,3.93,A-,3.93,0.00,CUC,Yes,0,0,14.90,1.00,0.00,0.00,0.00,0.00,1.00,4.00,3.00,7.00,8.00,9.00,9.00,9.00,10.00,37.00,22.20,3.00,5.00,3.00,1.00,1.00,10.00,12.50,2.00,5.00,3.00,2.00,2.00,12.00,30.00,86.60,NA,NA,NA,NA,NA,4,3,5,3,5,0,BLANK,1,BLANK,BLANK,1,BLANK,BLANK
142,1617T1,UNFN,Kai Ming,10,Kai Ming,10,5,6,1,5,6,1,4,6,2,5,6,1,4,6,2,6,6,0,6,6,0,6,6,0,5,6,1,6,6,0,6,6,0,5,6,1,5,6,1,5,6,1,5,6,1,5,6,1,6,5,-1,8 to 9,2 to 3,6 to <10,1 to <2,81-100%,81-100%,4,4,4,3,4,4,4,4,4,4,4,4,M,1,1,1,BLANK,BLANK,BLANK,BLANK,BLANK,BLANK,BLANK,BLANK,BLANK,BLANK,BLANK,,Cantonese,DSE 5 or above,1,MED,3.26,A,3.26,0.00,CSH,Yes,3,0,17.30,1.00,2.00,2.00,1.00,5.00,0.00,0.00,0.00,0.00,9.00,9.00,9.00,9.00,6.00,36.00,21.60,1.00,5.00,3.50,1.00,1.00,10.50,13.13,1.00,5.00,3.00,2.00,2.00,12.00,30.00,87.03,4,4,4,4,4,NA,NA,NA,NA,NA,0,BLANK,BLANK,BLANK,BLANK,1,BLANK,BLANK
147,1617T1,UNFN,Kai Ming,10,Kai Ming,10,5,6,1,5,6,1,5,6,1,5,6,1,3,4,1,3,5,2,4,5,1,4,5,1,3,4,1,4,5,1,4,5,1,4,4,0,5,6,1,BLANK,6,#VALUE!,4,5,1,5,5,0,5,5,0,4 to 5,8 to 9,3 to <6,1 to <2,41-60%,81-100%,3,5,4,4,4,4,4,4,3,4,4,4,M,BLANK,BLANK,BLANK,BLANK,BLANK,BLANK,BLANK,BLANK,BLANK,BLANK,BLANK,BLANK,BLANK,BLANK,,Others,DSE 4 or below,1,SSF,3.13,B,3.13,0.00,CUC,Yes,0,0,14.40,1.00,0.00,0.00,0.00,0.00,1.00,4.00,3.00,7.00,7.00,7.00,0.00,6.00,6.00,26.00,15.60,1.00,4.00,2.50,1.00,1.00,8.50,10.63,4.00,4.00,1.50,2.00,2.00,9.50,23.75,71.38,NA,NA,NA,NA,NA,5,5,3,5,3,0,BLANK,BLANK,BLANK,1,BLANK,BLANK,BLANK
191,1617T1,UNFN,Kai Ming,10,Kai Ming,10,5,5,0,5,6,1,4,6,2,4,5,1,4,5,1,4,4,0,4,4,0,3,5,2,3,5,2,3,6,3,4,5,1,4,4,0,4,5,1,5,6,1,5,4,-1,6,6,0,5,5,0,4 to 5,6 to 7,1 to <3,3 to <4,61-80%,81-100%,4,4,5,2,3,2,2,3,4,5,5,3,M,1,1,BLANK,BLANK,BLANK,BLANK,BLANK,BLANK,BLANK,BLANK,BLANK,BLANK,1,BLANK,,Cantonese,DSE 5 or above,1,MED,3.10,B+,3.10,0.00,CSH,Yes,2,0,15.50,1.00,2.00,2.00,2.00,6.00,0.00,0.00,0.00,0.00,8.00,7.00,9.00,9.00,6.00,33.00,19.80,3.00,4.00,3.00,1.00,1.00,9.00,11.25,2.00,3.50,3.00,2.00,2.00,10.50,26.25,78.80,2,4,4,3,5,BLANK,BLANK,BLANK,BLANK,BLANK,0,1,1,BLANK,1,1,1,1
200,1617T1,UNFN,Kai Ming,10,Kai Ming,10,4,5,1,4,5,1,3,5,2,3,4,1,4,4,0,3,5,2,2,3,1,2,3,1,4,3,-1,5,5,0,5,4,-1,5,6,1,3,5,2,5,4,-1,5,5,0,5,5,0,4,3,-1,2 to 3,10 to 11,6 to <10,2 to <3,41-60%,81-100%,3,3,5,3,4,5,4,3,4,4,4,3,F,BLANK,1,1,BLANK,BLANK,BLANK,BLANK,BLANK,BLANK,BLANK,BLANK,BLANK,1,BLANK,,Cantonese,DSE 5 or above,1,MED,2.90,B+,2.90,0.00,CSH,Yes,2,0,14.30,1.00,2.00,2.00,2.00,6.00,0.00,0.00,0.00,0.00,9.00,6.00,8.00,7.00,8.00,32.00,19.20,3.00,3.50,2.50,1.00,0.50,7.50,9.38,1.00,4.00,3.00,2.00,2.00,11.00,27.50,76.38,4,3,5,4,5,NA,NA,NA,NA,NA,1,BLANK,BLANK,BLANK,BLANK,BLANK,BLANK,BLANK
239,1617T1,UNFN,Kai Ming,10,Kai Ming,10,4,4,0,4,5,1,4,4,0,4,4,0,4,4,0,4,4,0,3,4,1,4,5,1,2,5,3,4,5,1,4,5,1,4,4,0,3,5,2,4,5,1,3,4,1,4,5,1,4,5,1,8 to 9,2 to 3,6 to <10,2 to <3,41-60%,81-100%,3,4,4,3,4,4,3,4,3,4,4,3,F,BLANK,1,1,BLANK,BLANK,BLANK,BLANK,BLANK,BLANK,BLANK,BLANK,BLANK,BLANK,BLANK,,Cantonese,DSE 5 or above,1,MED,2.88,B-,2.88,0.00,CWS,Yes,2,0,13.20,1.00,2.00,0.00,1.00,3.00,0.00,0.00,0.00,0.00,7.00,6.00,7.00,6.00,5.00,26.00,15.60,3.00,3.50,2.00,1.00,0.50,7.00,8.75,2.00,4.00,3.00,2.00,2.00,11.00,27.50,68.05,2,3,2,3,4,NA,NA,NA,NA,NA,0,1,BLANK,BLANK,BLANK,1,BLANK,BLANK
244,1617T1,UNFN,Kai Ming,10,Kai Ming,10,4,5,1,5,5,0,5,5,0,5,5,0,4,5,1,5,5,0,5,5,0,5,5,0,4,5,1,5,5,0,5,5,0,5,5,0,4,5,1,5,5,0,4,5,1,5,6,1,5,5,0,8 to 9,6 to 7,3 to <6,3 to <4,81-100%,81-100%,5,5,5,4,5,4,5,5,4,4,5,4,F,1,1,1,BLANK,BLANK,BLANK,BLANK,BLANK,BLANK,BLANK,BLANK,BLANK,BLANK,BLANK,,Cantonese,DSE 5 or above,1,MED,3.28,A,3.28,0.00,CNA,Yes,3,0,17.40,1.00,2.00,2.00,2.00,6.00,0.00,0.00,0.00,0.00,10.00,10.00,10.00,8.00,9.00,39.00,23.40,1.00,5.00,3.50,1.00,1.00,10.50,13.13,2.00,4.50,3.00,2.00,2.00,11.50,28.75,88.68,4,4,4,4,4,NA,NA,NA,NA,NA,0,BLANK,BLANK,BLANK,BLANK,1,BLANK,BLANK
261,1617T1,UNFN,Kai Ming,10,Kai Ming,10,3,2,-1,4,6,2,3,4,1,3,3,0,4,3,-1,4,3,-1,4,5,1,4,4,0,3,5,2,3,5,2,3,5,2,3,3,0,2,3,1,4,4,0,2,3,1,3,4,1,3,4,1,10 to 11,0 to 1,6 to <10,2 to <3,81-100%,81-100%,3,4,4,3,2,2,4,4,4,4,4,3,F,1,1,1,BLANK,BLANK,BLANK,BLANK,BLANK,BLANK,BLANK,BLANK,BLANK,BLANK,BLANK,,Cantonese,DSE 5 or above,1,MED,3.20,A-,3.20,0.00,CWS,Yes,3,0,14.60,1.00,0.00,0.00,0.00,0.00,1.00,4.00,3.00,7.00,9.00,9.00,9.00,10.00,8.00,37.00,22.20,3.00,4.00,3.00,1.00,1.00,9.00,11.25,2.00,4.00,2.50,2.00,2.00,10.50,26.25,81.30,NA,NA,NA,NA,NA,5,4,5,4,3,0,BLANK,BLANK,BLANK,1,1,BLANK,BLANK
267,1617T1,UNFN,Kai Ming,10,Kai Ming,10,3,4,1,5,5,0,4,4,0,4,4,0,4,6,2,4,6,2,5,5,0,5,5,0,3,5,2,3,6,3,4,5,1,4,5,1,4,5,1,5,6,1,5,5,0,5,5,0,5,5,0,10 to 11,10 to 11,1 to <3,1 to <2,61-80%,81-100%,4,5,4,4,4,5,5,5,4,4,4,4,F,BLANK,BLANK,BLANK,BLANK,BLANK,BLANK,BLANK,BLANK,BLANK,BLANK,BLANK,BLANK,1,1,,Cantonese,DSE 5 or above,1,BAF,3.00,B,3.00,0.00,CNA,Yes,0,0,13.30,1.00,0.00,0.00,0.00,0.00,1.00,3.00,3.00,6.00,7.00,7.00,5.00,6.00,0.00,25.00,15.00,1.00,5.00,3.00,1.00,1.00,10.00,12.50,4.00,3.50,2.00,2.00,2.00,9.50,23.75,70.55,4,4,5,5,4,5,5,4,4,4,0,BLANK,BLANK,BLANK,BLANK,1,1,BLANK
269,1617T1,UNFN,Kai Ming,10,Kai Ming,10,4,4,0,4,4,0,3,3,0,4,4,0,3,3,0,4,4,0,4,4,0,4,5,1,3,3,0,4,4,0,4,5,1,4,5,1,4,5,1,4,4,0,3,4,1,4,4,0,4,4,0,6 to 7,8 to 9,3 to <6,2 to <3,61-80%,81-100%,3,3,4,3,4,4,3,4,4,4,4,3,F,1,1,BLANK,BLANK,BLANK,BLANK,BLANK,BLANK,BLANK,BLANK,BLANK,BLANK,BLANK,BLANK,,Cantonese,Others,2,SCF,2.56,C,2.67,2.74,CYS,No,2,0,13.20,1.00,2.00,1.50,1.00,4.50,0.00,0.00,0.00,0.00,5.00,6.00,6.00,5.00,3.00,22.00,13.20,1.00,2.50,1.50,1.00,1.00,6.00,7.50,2.00,2.50,2.00,1.50,1.50,7.50,18.75,57.15,3,3,4,4,3,NA,NA,NA,NA,NA,0,BLANK,BLANK,BLANK,BLANK,BLANK,1,BLANK
340,1617T1,UNFN,Kai Ming,10,Kai Ming,10,5,4,-1,5,4,-1,4,4,0,5,4,-1,2,4,2,5,BLANK,#VALUE!,5,5,0,4,2,-2,3,3,0,3,BLANK,#VALUE!,4,4,0,5,4,-1,4,4,0,5,4,-1,3,4,1,5,4,-1,5,4,-1,6 to 7,2 to 3,3 to <6,2 to <3,41-60%,61-80%,3,4,4,3,3,3,3,4,4,4,4,3,F,1,1,1,BLANK,BLANK,BLANK,BLANK,BLANK,BLANK,BLANK,BLANK,BLANK,BLANK,BLANK,,Cantonese,DSE 5 or above,1,BAF,2.54,C,2.54,0.00,CCC,Yes,3,0,11.70,1.00,2.00,1.00,2.00,5.00,0.00,0.00,0.00,0.00,4.00,6.00,8.00,6.00,8.00,28.00,16.80,2.00,2.50,2.00,1.00,0.50,6.00,7.50,4.00,2.50,2.00,1.00,2.00,7.50,18.75,59.75,4,4,4,4,4,NA,NA,NA,NA,NA,0,BLANK,BLANK,BLANK,BLANK,1,BLANK,BLANK
342,1617T1,UNFN,Kai Ming,10,Kai Ming,10,5,5,0,5,4,-1,3,4,1,3,4,1,2,4,2,3,4,1,3,4,1,3,5,2,3,4,1,3,4,1,3,4,1,2,5,3,2,5,3,4,4,0,2,4,2,5,5,0,4,4,0,4 to 5,2 to 3,3 to <6,2 to <3,1-20%,81-100%,4,4,4,4,4,4,4,4,4,4,4,4,M,1,1,1,BLANK,BLANK,BLANK,BLANK,BLANK,BLANK,BLANK,BLANK,BLANK,BLANK,BLANK,,Cantonese,DSE 5 or above,1,MED,2.16,C+,2.16,0.00,CCC,Yes,3,0,14.90,1.00,0.00,0.00,0.00,0.00,1.00,3.00,3.00,6.00,7.00,6.00,6.00,7.00,3.00,26.00,15.60,1.00,3.00,2.00,1.00,1.00,7.00,8.75,4.00,3.00,1.50,1.50,1.50,7.50,18.75,64.00,NA,NA,NA,NA,4,4,4,4,4,4,0,1,BLANK,BLANK,BLANK,BLANK,BLANK,BLANK
346,1617T1,UNFN,Kai Ming,10,Kai Ming,10,4,5,1,5,6,1,4,5,1,5,5,0,4,5,1,5,6,1,5,6,1,5,5,0,4,5,1,5,5,0,4,5,1,4,5,1,5,5,0,5,5,0,4,5,1,5,5,0,5,6,1,10 to 11,8 to 9,3 to <6,1 to <2,81-100%,81-100%,4,4,5,4,5,5,4,4,5,5,5,4,F,1,1,1,BLANK,BLANK,BLANK,BLANK,BLANK,BLANK,BLANK,BLANK,BLANK,BLANK,BLANK,,Cantonese,DSE 5 or above,1,MED,3.08,B,3.08,0.00,CNA,Yes,3,0,13.20,1.00,2.00,2.00,2.00,6.00,0.00,0.00,0.00,0.00,9.00,6.00,8.00,8.00,4.00,31.00,18.60,3.00,4.50,3.00,1.00,1.00,9.50,11.88,4.00,4.00,2.50,1.50,2.00,10.00,25.00,74.68,4,4,5,5,5,NA,NA,NA,NA,NA,1,BLANK,BLANK,BLANK,BLANK,BLANK,BLANK,BLANK
351,1617T1,UNFN,Kai Ming,10,Kai Ming,10,4,4,0,5,5,0,4,4,0,3,4,1,5,4,-1,5,4,-1,5,4,-1,6,6,0,4,5,1,4,5,1,3,5,2,3,4,1,4,3,-1,5,4,-1,4,4,0,5,4,-1,4,4,0,4 to 5,0 to 1,1 to <3,2 to <3,41-60%,61-80%,3,4,5,4,4,4,4,4,4,3,4,3,M,1,1,BLANK,BLANK,BLANK,BLANK,BLANK,BLANK,BLANK,BLANK,BLANK,1,BLANK,BLANK,,BLANK,DSE 5 or above,1,BAF,3.59,A-,3.59,0.00,CWS,Yes,2,0,16.20,1.00,0.00,0.00,0.00,0.00,1.00,4.00,3.00,7.00,8.00,8.00,10.00,7.00,8.00,34.00,20.40,3.00,4.00,2.50,1.00,1.00,8.50,10.63,4.00,4.00,3.00,2.00,2.00,11.00,27.50,81.73,NA,NA,NA,NA,NA,3,3,4,3,3,0,1,BLANK,BLANK,BLANK,BLANK,BLANK,BLANK
363,1617T1,UNFN,Kai Ming,10,Kai Ming,10,5,5,0,5,5,0,5,5,0,5,5,0,5,5,0,5,5,0,6,5,-1,6,5,-1,4,5,1,5,5,0,6,5,-1,5,5,0,4,5,1,5,5,0,4,5,1,5,5,0,5,5,0,10 to 11,8 to 9,6 to <10,3 to <4,81-100%,81-100%,4,4,4,4,4,4,4,4,4,4,4,4,M,1,1,1,BLANK,BLANK,BLANK,BLANK,BLANK,BLANK,BLANK,BLANK,BLANK,BLANK,BLANK,,Cantonese,DSE 5 or above,1,MED,2.73,B,2.73,0.00,CNA,Yes,3,0,14.90,1.00,2.00,1.00,1.00,4.00,0.00,0.00,0.00,0.00,7.00,8.00,8.00,8.00,7.00,31.00,18.60,2.00,3.50,1.50,1.00,1.00,7.00,8.75,1.00,4.00,2.50,2.00,2.00,10.50,26.25,72.50,4,3,4,3,3,NA,NA,NA,NA,NA,0,1,BLANK,BLANK,BLANK,1,BLANK,BLANK
374,1617T1,UNFN,Kai Ming,10,Kai Ming,10,5,5,0,5,5,0,5,4,-1,4,4,0,2,3,1,4,5,1,5,6,1,5,6,1,2,4,2,2,5,3,2,5,3,2,5,3,1,5,4,5,6,1,4,5,1,5,5,0,4,4,0,6 to 7,4 to 5,3 to <6,less than 1,21-40%,81-100%,4,4,5,3,4,4,4,4,4,4,4,1,F,1,1,BLANK,BLANK,BLANK,BLANK,BLANK,BLANK,BLANK,BLANK,1,1,BLANK,BLANK,,Cantonese,DSE 4 or below,1,SSF,3.39,A-,3.39,0.00,CYS,Yes,2,0,16.00,1.00,2.00,2.00,2.00,6.00,0.00,0.00,0.00,0.00,8.00,5.00,7.00,7.00,6.00,28.00,16.80,1.00,5.50,3.50,1.00,1.00,11.00,13.75,2.00,5.50,3.00,2.00,2.00,12.50,31.25,83.80,3,5,5,5,3,NA,NA,NA,NA,NA,0,1,BLANK,BLANK,BLANK,BLANK,BLANK,BLANK
376,1617T1,UNFN,Kai Ming,10,Kai Ming,10,5,4,-1,5,5,0,5,4,-1,4,4,0,5,4,-1,5,5,0,5,4,-1,4,3,-1,4,4,0,4,4,0,3,3,0,4,3,-1,4,3,-1,5,4,-1,4,4,0,5,5,0,5,5,0,10 to 11,0 to 1,more than 15,1 to <2,81-100%,81-100%,4,4,4,4,4,5,3,4,4,4,4,4,F,BLANK,1,1,BLANK,BLANK,BLANK,BLANK,BLANK,BLANK,BLANK,BLANK,BLANK,BLANK,BLANK,,Cantonese,DSE 5 or above,1,SSF,3.19,A-,3.19,0.00,CNA,Yes,2,0,16.10,1.00,2.00,2.00,2.00,7.00,0.00,0.00,0.00,0.00,9.00,8.00,8.00,9.00,7.00,34.00,20.40,1.00,4.50,3.00,1.00,1.00,9.50,11.88,2.00,4.50,3.00,2.00,2.00,11.50,28.75,84.13,3,4,3,3,3,NA,NA,NA,NA,NA,1,BLANK,BLANK,BLANK,BLANK,BLANK,BLANK,BLANK
377,1617T1,UNFN,Kai Ming,10,Kai Ming,10,4,5,1,5,5,0,4,4,0,4,5,1,4,4,0,5,4,-1,5,5,0,5,4,-1,4,5,1,3,5,2,4,5,1,4,5,1,2,5,3,4,5,1,3,5,2,3,5,2,4,4,0,4 to 5,0 to 1,3 to <6,1 to <2,61-80%,81-100%,4,5,5,4,4,5,4,4,4,4,4,3,F,1,1,BLANK,BLANK,BLANK,BLANK,BLANK,BLANK,BLANK,BLANK,BLANK,BLANK,BLANK,1,,Cantonese,DSE 4 or below,1,SCF,2.44,B-,2.44,0.00,CWS,Yes,2,0,13.20,1.00,2.00,2.00,0.00,4.00,0.00,0.00,0.00,0.00,8.00,9.00,8.00,8.00,5.00,33.00,19.80,3.00,3.50,2.00,1.00,1.00,7.50,9.38,1.00,3.00,1.50,2.00,2.00,8.50,21.25,67.63,4,5,4,4,5,NA,NA,NA,NA,NA,1,BLANK,BLANK,BLANK,BLANK,BLANK,BLANK,BLANK
409,1617T1,UNFN,Kai Ming,10,Kai Ming,10,4,4,0,5,5,0,4,4,0,3,4,1,3,4,1,3,5,2,4,4,0,3,5,2,3,4,1,2,4,2,4,5,1,3,4,1,3,4,1,4,5,1,4,4,0,4,5,1,4,5,1,8 to 9,2 to 3,3 to <6,2 to <3,61-80%,81-100%,4,4,5,4,4,4,4,4,4,4,4,3,F,BLANK,1,1,BLANK,BLANK,BLANK,1,BLANK,BLANK,BLANK,BLANK,BLANK,BLANK,BLANK,,Cantonese,DSE 5 or above,1,MED,3.25,B+,3.25,0.00,CCC,Yes,2,1,14.60,1.00,2.00,2.00,2.00,6.00,0.00,0.00,0.00,0.00,10.00,8.00,9.00,8.00,6.00,35.00,21.00,3.00,5.00,2.50,1.00,1.00,9.50,11.88,2.00,4.00,2.00,2.00,1.50,9.50,23.75,77.23,3,3,2,3,4,NA,NA,NA,NA,NA,0,1,BLANK,BLANK,BLANK,BLANK,BLANK,BLANK
421,1617T1,UNFN,Kai Ming,10,Kai Ming,10,4,5,1,5,5,0,5,4,-1,5,4,-1,4,4,0,5,5,0,5,5,0,5,5,0,4,5,1,4,5,1,5,5,0,5,5,0,5,5,0,5,5,0,5,5,0,5,5,0,5,5,0,4 to 5,8 to 9,6 to <10,1 to <2,81-100%,81-100%,3,3,4,3,4,3,4,4,4,4,4,3,M,1,1,1,BLANK,BLANK,BLANK,BLANK,BLANK,BLANK,BLANK,BLANK,BLANK,BLANK,BLANK,,Cantonese,DSE 5 or above,1,SCF,3.44,B+,3.44,0.00,CSH,Yes,3,0,14.50,1.00,2.00,2.00,2.00,6.00,0.00,0.00,0.00,0.00,5.00,7.00,9.00,10.00,7.00,33.00,19.80,2.00,3.00,2.50,1.00,1.00,7.50,9.38,1.00,4.00,3.00,2.00,2.00,11.00,27.50,77.18,3,4,3,3,4,NA,NA,NA,NA,NA,1,BLANK,BLANK,BLANK,BLANK,BLANK,BLANK,BLANK
433,1617T1,UNFN,Kai Ming,10,Kai Ming,10,4,4,0,4,5,1,4,5,1,4,5,1,4,5,1,5,5,0,5,5,0,5,5,0,3,4,1,4,5,1,4,5,1,3,4,1,2,5,3,4,5,1,2,5,3,4,5,1,5,6,1,10 to 11,0 to 1,3 to <6,1 to <2,81-100%,81-100%,4,4,4,3,4,3,4,4,4,4,4,3,F,1,1,BLANK,BLANK,BLANK,BLANK,BLANK,BLANK,BLANK,BLANK,BLANK,BLANK,BLANK,1,,Putonghua,DSE 5 or above,1,SCF,2.93,B,2.93,0.00,CWS,Yes,2,0,15.40,1.00,0.00,0.00,0.00,0.00,1.00,3.00,1.00,4.00,9.00,9.00,9.00,8.00,6.00,35.00,21.00,2.00,2.50,2.00,1.00,1.00,6.50,8.13,4.00,4.00,2.50,2.00,2.00,10.50,26.25,74.78,NA,NA,NA,NA,NA,3,3,4,4,4,1,BLANK,BLANK,BLANK,BLANK,BLANK,BLANK,BLANK
450,1617T1,UNFN,Kai Ming,10,Kai Ming,10,3,5,2,5,6,1,5,6,1,3,4,1,4,5,1,4,5,1,5,5,0,4,6,2,3,5,2,4,5,1,4,6,2,4,5,1,4,5,1,4,5,1,3,5,2,5,5,0,4,5,1,6 to 7,4 to 5,1 to <3,1 to <2,81-100%,61-80%,4,3,4,3,4,4,3,4,4,4,4,3,F,BLANK,BLANK,1,BLANK,BLANK,BLANK,BLANK,BLANK,BLANK,BLANK,BLANK,BLANK,BLANK,BLANK,,Cantonese,DSE 4 or below,1,MED,3.33,B,3.33,0.00,CNA,Yes,1,0,14.80,1.00,2.00,2.00,2.00,6.00,0.00,0.00,0.00,0.00,4.00,4.00,10.00,9.00,5.00,28.00,16.80,1.00,4.00,2.00,1.00,1.00,8.00,10.00,4.00,3.50,2.00,2.00,1.50,9.00,22.50,70.10,3,4,4,4,4,NA,NA,NA,NA,NA,0,BLANK,BLANK,BLANK,BLANK,1,BLANK,BLANK
468,1617T1,UNFN,Kai Ming,10,Kai Ming,10,4,5,1,5,5,0,3,3,0,3,3,0,1,1,0,1,3,2,4,4,0,4,4,0,2,5,3,3,5,2,4,5,1,3,4,1,3,3,0,3,4,1,4,4,0,4,5,1,3,3,0,6 to 7,6 to 7,3 to <6,1 to <2,81-100%,81-100%,4,4,5,3,4,4,3,4,4,4,5,4,F,BLANK,1,1,BLANK,BLANK,BLANK,BLANK,BLANK,BLANK,BLANK,BLANK,BLANK,BLANK,BLANK,,Cantonese,Others,1,ENF,3.50,B+,3.50,0.00,CCC,Yes,2,0,14.70,1.00,2.00,2.00,2.00,6.00,0.00,0.00,0.00,0.00,4.00,5.00,8.00,8.00,8.00,29.00,17.40,3.00,5.00,3.00,1.00,1.00,10.00,12.50,2.00,4.50,3.00,2.00,2.00,11.50,28.75,79.35,3,4,2,3,4,NA,NA,NA,NA,NA,1,BLANK,BLANK,BLANK,BLANK,BLANK,BLANK,BLANK
492,1617T1,UNFN,Kai Ming,10,Kai Ming,10,4,6,2,6,6,0,3,5,2,4,5,1,5,5,0,5,6,1,6,6,0,6,6,0,3,5,2,5,5,0,4,6,2,4,6,2,5,6,1,6,6,0,6,4,-2,6,6,0,6,6,0,10 to 11,0 to 1,6 to <10,1 to <2,81-100%,81-100%,5,5,5,4,5,5,5,5,5,5,5,5,F,1,1,1,BLANK,BLANK,BLANK,BLANK,BLANK,BLANK,BLANK,BLANK,BLANK,BLANK,BLANK,,Cantonese,Others,1,MED,3.68,A,3.68,0.00,CSC,Yes,3,0,17.80,1.00,0.00,0.00,0.00,0.00,1.00,3.00,3.00,6.00,10.00,9.00,10.00,8.00,9.00,38.00,22.80,1.00,5.00,3.50,1.00,1.00,10.50,13.13,4.00,4.50,2.50,2.00,2.00,11.00,27.50,87.23,NA,NA,NA,NA,NA,3,2,4,4,2,0,BLANK,BLANK,BLANK,BLANK,1,1,BLANK
514,1617T1,UNFN,Kai Ming,10,Kai Ming,10,4,4,0,4,5,1,3,3,0,3,4,1,2,3,1,3,4,1,4,5,1,4,4,0,3,4,1,3,5,2,3,5,2,3,5,2,3,4,1,3,4,1,3,3,0,3,4,1,3,4,1,10 to 11,10 to 11,1 to <3,2 to <3,81-100%,41-60%,3,3,3,3,2,3,2,2,3,4,3,4,F,BLANK,BLANK,1,BLANK,BLANK,BLANK,BLANK,BLANK,BLANK,BLANK,BLANK,BLANK,BLANK,BLANK,,Cantonese,DSE 4 or below,1,SCF,3.04,B-,3.04,0.00,CCC,Yes,1,0,11.90,1.00,2.00,2.00,1.00,5.00,0.00,0.00,0.00,0.00,10.00,10.00,9.00,10.00,7.00,39.00,23.40,3.00,3.00,2.00,0.50,1.00,6.50,8.13,4.00,3.00,2.50,1.00,2.00,8.50,21.25,69.68,3,4,4,4,4,NA,NA,NA,NA,NA,0,BLANK,BLANK,BLANK,BLANK,1,BLANK,BLANK
573,1617T1,UNFN,Kai Ming,10,Kai Ming,10,4,5,1,4,5,1,4,4,0,4,4,0,3,3,0,3,3,0,3,5,2,4,5,1,3,5,2,3,5,2,4,5,1,3,5,2,3,5,2,4,5,1,4,5,1,4,5,1,4,5,1,2 to 3,0 to 1,6 to <10,2 to <3,1-20%,81-100%,4,4,4,1,3,3,3,4,4,4,4,2,F,1,1,BLANK,BLANK,BLANK,BLANK,BLANK,BLANK,BLANK,BLANK,1,BLANK,BLANK,BLANK,,Cantonese,DSE 5 or above,2,ART,3.03,B-,3.08,3.11,CCC,No,2,0,13.10,1.00,2.00,2.00,2.00,6.00,0.00,0.00,0.00,0.00,7.00,6.00,8.00,6.00,5.00,27.00,16.20,1.00,3.00,2.00,1.00,1.00,7.00,8.75,1.00,3.50,2.00,2.00,2.00,9.50,23.75,67.80,2,2,2,4,2,NA,NA,NA,NA,NA,0,BLANK,BLANK,BLANK,BLANK,BLANK,BLANK,1
600,1617T1,UNFN,Kai Ming,10,Kai Ming,10,3,5,2,6,5,-1,2,5,3,3,4,1,4,3,-1,3,3,0,2,3,1,2,3,1,1,4,3,1,4,3,1,4,3,2,5,3,3,4,1,4,4,0,4,3,-1,4,5,1,4,4,0,8 to 9,4 to 5,3 to <6,2 to <3,61-80%,81-100%,3,2,3,2,4,4,4,4,5,4,4,5,F,BLANK,BLANK,BLANK,BLANK,BLANK,BLANK,1,BLANK,BLANK,BLANK,BLANK,BLANK,BLANK,BLANK,,Cantonese,DSE 4 or below,2,ART,3.33,B,3.07,2.94,CCC,No,0,1,14.50,1.00,2.00,1.00,2.00,5.00,0.00,0.00,0.00,0.00,5.00,7.00,7.00,6.00,8.00,28.00,16.80,1.00,4.00,2.50,0.50,0.50,7.50,9.38,2.00,4.00,2.50,2.00,1.50,10.00,25.00,70.68,3,3,4,3,4,NA,NA,NA,NA,NA,0,1,BLANK,BLANK,BLANK,BLANK,BLANK,BLANK
609,1617T1,UNFN,Kai Ming,10,Kai Ming,10,4,4,0,4,4,0,4,4,0,4,4,0,4,4,0,4,4,0,4,4,0,4,4,0,4,5,1,4,5,1,4,5,1,4,5,1,4,5,1,4,5,1,4,5,1,4,5,1,4,4,0,10 to 11,10 to 11,3 to <6,2 to <3,41-60%,81-100%,4,4,4,4,4,4,4,4,4,4,3,3,F,BLANK,1,1,BLANK,BLANK,BLANK,BLANK,BLANK,BLANK,BLANK,BLANK,BLANK,1,BLANK,,Cantonese,DSE 5 or above,2,MED,3.57,A-,3.40,3.30,CWS,No,2,0,14.20,1.00,2.00,2.00,2.00,6.00,0.00,0.00,0.00,0.00,9.00,7.00,9.00,9.00,8.00,35.00,21.00,2.00,4.00,2.50,1.00,1.00,8.50,10.63,2.00,4.50,3.00,2.00,2.00,11.50,28.75,80.58,4,4,4,4,4,4,4,4,4,4,1,BLANK,BLANK,BLANK,BLANK,BLANK,BLANK,BLANK
613,1617T1,UNFN,Kai Ming,10,Kai Ming,10,4,5,1,5,5,0,5,5,0,5,5,0,6,6,0,6,6,0,6,6,0,5,6,1,5,6,1,6,5,-1,6,6,0,5,6,1,4,6,2,4,6,2,4,6,2,5,6,1,5,6,1,8 to 9,0 to 1,3 to <6,2 to <3,41-60%,61-80%,4,4,4,4,4,4,4,4,4,4,4,4,F,1,1,1,BLANK,BLANK,BLANK,BLANK,BLANK,BLANK,BLANK,BLANK,BLANK,BLANK,BLANK,,Cantonese,DSE 5 or above,2,MED,3.19,B-,3.12,3.08,CCW,No,3,0,13.10,1.00,0.00,2.00,1.00,3.00,0.00,0.00,0.00,0.00,8.00,8.00,9.00,8.00,6.00,33.00,19.80,3.00,3.50,2.00,1.00,1.00,7.50,9.38,4.00,3.00,2.00,2.00,1.50,8.50,21.25,66.53,4,4,4,4,4,NA,NA,NA,NA,NA,0,BLANK,BLANK,BLANK,1,BLANK,BLANK,BLANK
625,1617T1,UNFN,Kai Ming,10,Kai Ming,10,3,4,1,5,5,0,4,4,0,3,3,0,3,3,0,4,4,0,4,4,0,4,3,-1,2,4,2,4,5,1,4,5,1,4,4,0,2,4,2,4,5,1,3,4,1,4,5,1,3,4,1,2 to 3,6 to 7,3 to <6,1 to <2,1-20%,81-100%,4,4,4,4,3,4,3,3,3,4,3,3,F,1,1,1,BLANK,BLANK,BLANK,BLANK,BLANK,BLANK,BLANK,BLANK,BLANK,BLANK,BLANK,,Cantonese,DSE 5 or above,2,MED,3.27,A-,3.28,3.28,CUC,No,3,0,15.70,1.00,0.00,0.00,0.00,0.00,1.00,4.00,3.00,7.00,10.00,9.00,5.00,5.00,7.00,31.00,18.60,2.00,4.00,3.00,1.00,1.00,9.00,11.25,3.00,5.00,3.00,2.00,2.00,12.00,30.00,82.55,2,3,2,2,2,NA,NA,NA,NA,NA,1,BLANK,BLANK,BLANK,BLANK,BLANK,BLANK,BLANK
636,1617T1,UNFN,Kai Ming,10,Kai Ming,10,4,5,1,4,5,1,4,4,0,4,4,0,2,5,3,3,5,2,4,5,1,4,5,1,4,5,1,3,5,2,3,5,2,3,5,2,4,5,1,3,5,2,3,5,2,3,5,2,4,5,1,10 to 11,2 to 3,3 to <6,2 to <3,41-60%,81-100%,3,4,4,4,4,4,4,4,4,4,4,4,F,BLANK,1,BLANK,BLANK,BLANK,BLANK,BLANK,BLANK,BLANK,BLANK,BLANK,BLANK,1,BLANK,,Cantonese,DSE 5 or above,2,BASCI,3.14,B,3.29,3.36,CCC,No,1,0,14.60,1.00,2.00,2.00,1.00,5.00,0.00,0.00,0.00,0.00,6.00,8.00,5.00,8.00,10.00,32.00,19.20,2.00,3.00,1.50,1.00,1.00,6.50,8.13,2.00,3.50,2.00,2.00,2.00,9.50,23.75,70.68,2,2,3,2,4,NA,NA,NA,NA,NA,0,1,BLANK,BLANK,BLANK,BLANK,BLANK,BLANK
646,1617T1,UNFN,Kai Ming,10,Kai Ming,10,4,6,2,6,6,0,4,5,1,4,5,1,2,5,3,5,5,0,5,6,1,5,6,1,4,6,2,5,6,1,5,6,1,4,5,1,4,5,1,5,5,0,4,5,1,6,6,0,4,5,1,8 to 9,8 to 9,10 to <15,3 to <4,61-80%,81-100%,5,5,5,4,4,5,4,4,5,4,4,5,M,1,1,BLANK,BLANK,BLANK,BLANK,BLANK,BLANK,BLANK,BLANK,BLANK,BLANK,1,BLANK,,Cantonese,DSE 4 or below,2,SSF,3.55,A,3.47,3.43,CCW,No,2,0,17.30,1.00,0.00,0.00,0.00,0.00,1.00,4.00,3.00,7.00,9.00,9.00,9.00,10.00,6.00,37.00,22.20,3.00,5.00,3.50,1.00,1.00,10.50,13.13,1.00,5.00,3.00,1.50,2.00,11.50,28.75,88.38,NA,NA,NA,NA,NA,5,5,5,5,4,0,BLANK,BLANK,BLANK,BLANK,1,BLANK,BLANK
687,1617T1,UNFN,Kai Ming,10,Kai Ming,10,5,6,1,5,6,1,5,6,1,5,6,1,5,5,0,4,5,1,3,4,1,5,5,0,4,5,1,5,6,1,5,6,1,5,6,1,5,6,1,5,6,1,5,6,1,5,6,1,5,6,1,10 to 11,4 to 5,3 to <6,1 to <2,81-100%,81-100%,3,4,5,4,5,5,5,5,5,5,5,5,M,1,1,BLANK,BLANK,BLANK,BLANK,BLANK,BLANK,BLANK,BLANK,BLANK,BLANK,BLANK,1,,Cantonese,DSE 5 or above,2,BAF,3.32,A-,3.29,3.27,CNA,No,2,0,16.20,1.00,2.00,2.00,2.00,7.00,0.00,0.00,0.00,0.00,9.00,10.00,9.00,8.00,7.00,36.00,21.60,3.00,3.50,2.00,1.00,1.00,7.50,9.38,3.00,4.00,2.50,2.00,2.00,10.50,26.25,80.43,4,4,5,5,5,NA,NA,NA,NA,NA,0,BLANK,BLANK,BLANK,BLANK,BLANK,1,BLANK
689,1617T1,UNFN,Kai Ming,10,Kai Ming,10,4,5,1,4,5,1,4,5,1,4,5,1,3,3,0,4,4,0,5,5,0,5,5,0,4,5,1,4,5,1,4,5,1,4,5,1,4,5,1,5,5,0,4,5,1,5,5,0,5,5,0,8 to 9,8 to 9,10 to <15,4 to <5,61-80%,81-100%,4,4,4,4,4,4,4,4,4,4,4,4,F,BLANK,BLANK,1,BLANK,BLANK,BLANK,BLANK,BLANK,BLANK,BLANK,BLANK,BLANK,1,BLANK,,Cantonese,DSE 4 or below,2,SSF,2.79,B,2.89,2.94,CNA,No,1,0,13.30,1.00,2.00,2.00,2.00,6.00,0.00,0.00,0.00,0.00,6.00,6.00,8.00,8.00,5.00,28.00,16.80,1.00,4.50,3.00,1.00,1.00,9.50,11.88,1.00,3.50,2.50,2.00,2.00,10.00,25.00,72.98,4,4,4,4,4,NA,NA,NA,NA,NA,0,BLANK,BLANK,BLANK,BLANK,1,BLANK,BLANK
690,1617T1,UNFN,Kai Ming,10,Kai Ming,10,4,5,1,4,5,1,4,4,0,4,4,0,2,4,2,2,4,2,2,4,2,3,4,1,2,4,2,2,4,2,4,4,0,4,5,1,4,5,1,4,5,1,4,5,1,4,5,1,4,4,0,8 to 9,4 to 5,3 to <6,3 to <4,81-100%,61-80%,3,4,4,4,4,4,4,4,4,4,4,NA,F,BLANK,BLANK,BLANK,BLANK,BLANK,BLANK,BLANK,BLANK,BLANK,BLANK,BLANK,BLANK,1,BLANK,,Cantonese,DSE 5 or above,2,SSF,3.06,B,3.21,3.28,CUC,No,0,0,13.60,1.00,0.00,0.00,0.00,0.00,1.00,3.00,2.00,5.00,9.00,6.00,8.00,8.00,5.00,31.00,18.60,2.00,3.00,1.50,1.00,1.00,6.50,8.13,4.00,4.00,2.50,1.50,2.00,10.00,25.00,70.33,NA,NA,NA,NA,NA,3,3,3,4,4,0,1,BLANK,BLANK,BLANK,BLANK,BLANK,BLANK
695,1617T1,UNFN,Kai Ming,10,Kai Ming,10,5,5,0,4,6,2,4,5,1,4,5,1,3,4,1,4,5,1,5,5,0,5,5,0,3,5,2,4,5,1,4,5,1,4,5,1,4,4,0,5,5,0,4,4,0,4,5,1,4,5,1,6 to 7,6 to 7,3 to <6,3 to <4,21-40%,81-100%,3,4,4,3,3,3,3,3,4,4,4,4,M,1,BLANK,1,BLANK,BLANK,BLANK,BLANK,BLANK,BLANK,BLANK,BLANK,BLANK,BLANK,BLANK,,Cantonese,DSE 4 or below,2,ENF,3.19,B,3.14,3.12,CCW,No,2,0,12.90,1.00,0.00,0.00,0.00,0.00,1.00,1.00,4.00,5.00,8.00,9.00,7.00,8.00,0.00,32.00,19.20,2.00,4.00,3.00,1.00,1.00,9.00,11.25,2.00,3.50,2.00,2.00,2.00,9.50,23.75,72.10,3,3,3,3,3,4,4,4,4,4,0,BLANK,BLANK,BLANK,BLANK,1,BLANK,BLANK
696,1617T1,UNFN,Kai Ming,10,Kai Ming,10,4,4,0,6,6,0,5,4,-1,4,4,0,5,5,0,5,5,0,5,6,1,6,6,0,4,5,1,4,5,1,5,5,0,4,5,1,4,5,1,6,6,0,5,5,0,5,6,1,5,5,0,10 to 11,2 to 3,6 to <10,3 to <4,61-80%,81-100%,5,5,5,NA,5,NA,5,4,4,4,4,4,F,BLANK,1,1,BLANK,BLANK,BLANK,BLANK,BLANK,BLANK,BLANK,BLANK,BLANK,BLANK,BLANK,,Cantonese,DSE 5 or above,2,ART,3.45,A-,3.44,3.43,CCW,No,2,0,17.40,1.00,0.00,0.00,0.00,0.00,1.00,3.00,3.00,6.00,8.00,6.00,8.00,10.00,8.00,34.00,20.40,3.00,4.50,3.00,1.00,1.00,9.50,11.88,4.00,5.00,2.50,2.00,2.00,11.50,28.75,84.43,NA,NA,NA,NA,NA,3,3,3,4,3,0,BLANK,BLANK,BLANK,BLANK,BLANK,BLANK,1
699,1617T1,UNFN,Kai Ming,10,Kai Ming,10,5,3,-2,4,3,-1,5,3,-2,5,3,-2,1,1,0,1,1,0,1,1,0,1,1,0,1,1,0,1,1,0,1,1,0,1,1,0,3,1,-2,4,2,-2,4,2,-2,4,2,-2,1,1,0,8 to 9,6 to 7,6 to <10,1 to <2,1-20%,81-100%,4,4,4,3,4,3,1,4,3,3,3,3,M,BLANK,BLANK,BLANK,BLANK,BLANK,BLANK,1,BLANK,1,BLANK,BLANK,BLANK,BLANK,BLANK,,Cantonese,DSE 5 or above,2,EDU,3.08,B-,3.25,3.34,CUC,No,0,2,13.40,1.00,2.00,2.00,2.00,6.00,0.00,0.00,0.00,0.00,4.00,4.00,5.00,3.00,4.00,17.00,10.20,3.00,3.50,2.00,1.00,1.00,7.50,9.38,2.00,4.00,3.00,2.00,2.00,11.00,27.50,66.48,1,1,1,1,2,NA,NA,NA,NA,NA,0,BLANK,BLANK,BLANK,BLANK,1,BLANK,1
703,1617T1,UNFN,Kai Ming,10,Kai Ming,10,5,6,1,5,6,1,5,3,-2,5,6,1,5,5,0,5,6,1,5,5,0,5,6,1,5,6,1,5,6,1,5,6,1,4,6,2,3,6,3,4,5,1,4,5,1,5,6,1,4,5,1,10 to 11,0 to 1,6 to <10,2 to <3,81-100%,81-100%,4,5,5,4,5,4,5,5,5,5,5,3,M,1,1,1,BLANK,BLANK,BLANK,BLANK,BLANK,BLANK,BLANK,BLANK,BLANK,BLANK,BLANK,,Cantonese,DSE 5 or above,2,BASCI,3.57,A-,3.56,3.55,CSC,No,3,0,16.50,1.00,2.00,2.00,1.00,5.00,0.00,0.00,0.00,0.00,7.00,10.00,8.00,9.00,6.00,34.00,20.40,2.00,4.00,2.50,1.00,1.00,8.50,10.63,2.00,4.50,3.00,2.00,2.00,11.50,28.75,81.28,1,1,2,2,4,NA,NA,NA,NA,NA,0,1,BLANK,BLANK,BLANK,1,BLANK,BLANK
715,1617T1,UNFN,Kai Ming,10,Kai Ming,10,4,4,0,5,5,0,4,5,1,2,4,2,4,5,1,4,5,1,5,5,0,5,5,0,2,4,2,3,5,2,4,5,1,3,5,2,3,5,2,5,5,0,3,4,1,4,5,1,4,4,0,8 to 9,0 to 1,3 to <6,1 to <2,81-100%,81-100%,2,3,4,4,2,4,3,3,2,4,4,2,F,1,1,1,BLANK,BLANK,BLANK,BLANK,BLANK,BLANK,BLANK,BLANK,BLANK,BLANK,BLANK,,Cantonese,DSE 5 or above,2,MED,3.72,A,3.55,3.47,CNA,No,3,0,17.10,1.00,2.00,2.00,2.00,7.00,0.00,0.00,0.00,0.00,10.00,9.00,10.00,9.00,9.00,38.00,22.80,2.00,5.50,3.50,1.00,1.00,11.00,13.75,1.00,5.50,3.00,2.00,2.00,12.50,31.25,91.90,4,4,4,4,4,NA,NA,NA,NA,NA,1,BLANK,BLANK,BLANK,BLANK,BLANK,BLANK,BLANK
725,1617T1,UNFN,Amber,1,Kai Ming,10,4,5,1,5,5,0,4,4,0,5,5,0,4,3,-1,4,3,-1,4,3,-1,4,4,0,3,4,1,3,5,2,3,5,2,4,4,0,3,4,1,4,4,0,4,4,0,4,4,0,4,4,0,10 to 11,10 to 11,more than 15,3 to <4,81-100%,81-100%,3,4,5,4,4,4,4,4,4,4,4,3,M,BLANK,1,1,BLANK,BLANK,BLANK,BLANK,BLANK,BLANK,BLANK,BLANK,BLANK,BLANK,1,,Cantonese,DSE 4 or below,2,EDU,3.22,A-,3.40,3.49,CUC,No,2,0,15.90,1.00,0.00,0.00,0.00,0.00,1.00,3.00,3.00,6.00,9.00,7.00,7.00,9.00,8.00,33.00,19.80,2.00,5.00,3.00,1.00,1.00,10.00,12.50,2.00,5.00,3.00,2.00,2.00,12.00,30.00,84.20,NA,NA,NA,NA,NA,4,3,3,4,5,0,BLANK,BLANK,BLANK,BLANK,1,BLANK,BLANK
734,1617T1,UNFN,Kai Ming,10,Kai Ming,10,4,5,1,4,5,1,4,4,0,4,4,0,4,5,1,4,4,0,4,4,0,4,5,1,4,4,0,4,5,1,4,5,1,4,4,0,4,4,0,4,4,0,4,5,1,4,5,1,4,4,0,10 to 11,4 to 5,3 to <6,2 to <3,61-80%,81-100%,3,4,3,3,4,4,4,4,4,4,4,4,F,1,1,1,BLANK,BLANK,BLANK,BLANK,BLANK,BLANK,BLANK,BLANK,BLANK,BLANK,BLANK,,Cantonese,DSE 5 or above,2,ENF,2.62,B-,2.52,2.47,CWS,No,3,0,13.00,1.00,0.00,0.00,0.00,0.00,1.00,3.00,3.00,6.00,9.00,10.00,6.00,0.00,5.00,30.00,18.00,2.00,3.00,2.00,1.00,1.00,7.00,8.75,1.00,3.50,2.00,2.00,1.50,9.00,22.50,68.25,3,3,3,3,3,4,4,4,4,4,0,BLANK,BLANK,BLANK,BLANK,1,BLANK,BLANK
740,1617T1,UNFN,Kai Ming,10,Kai Ming,10,4,4,0,4,5,1,5,5,0,3,4,1,4,4,0,4,4,0,2,4,2,3,4,1,3,4,1,3,4,1,4,4,0,4,4,0,4,4,0,4,4,0,4,4,0,4,4,0,4,4,0,4 to 5,0 to 1,1 to <3,less than 1,41-60%,81-100%,4,5,4,3,3,3,3,3,4,4,4,3,F,BLANK,BLANK,BLANK,BLANK,BLANK,1,BLANK,BLANK,BLANK,BLANK,BLANK,1,BLANK,1,,Cantonese,DSE 5 or above,2,ART,2.83,B,3.03,3.12,CYS,No,0,1,14.50,1.00,2.00,2.00,2.00,6.00,0.00,0.00,0.00,0.00,7.00,4.00,9.00,9.00,7.00,32.00,19.20,3.00,3.50,1.50,1.00,1.00,7.00,8.75,2.00,4.00,2.50,2.00,2.00,10.50,26.25,74.70,2,2,2,2,2,NA,NA,NA,NA,NA,0,BLANK,BLANK,BLANK,BLANK,1,BLANK,BLANK
753,1617T1,UNFN,Kai Ming,10,Kai Ming,10,3,5,2,5,5,0,4,4,0,4,4,0,4,4,0,4,3,-1,5,5,0,4,5,1,2,4,2,2,4,2,3,4,1,2,5,3,4,4,0,5,5,0,4,4,0,5,5,0,5,5,0,4 to 5,4 to 5,6 to <10,2 to <3,61-80%,61-80%,3,4,4,2,4,4,3,3,4,4,4,2,F,BLANK,BLANK,1,BLANK,BLANK,BLANK,BLANK,BLANK,BLANK,BLANK,BLANK,BLANK,1,BLANK,,Cantonese,DSE 5 or above,2,SSF,3.32,B+,3.22,3.18,CUC,No,1,0,13.20,1.00,2.00,2.00,2.00,6.00,0.00,0.00,0.00,0.00,8.00,10.00,9.00,8.00,6.00,35.00,21.00,3.00,3.50,2.50,1.00,1.00,8.00,10.00,4.00,4.00,2.50,2.00,2.00,10.50,26.25,76.45,3,2,2,2,4,NA,NA,NA,NA,NA,0,BLANK,BLANK,BLANK,BLANK,1,BLANK,BLANK
759,1617T1,UNFN,Kai Ming,10,Kai Ming,10,3,4,1,5,4,-1,4,4,0,4,4,0,4,4,0,4,4,0,2,4,2,2,4,2,2,4,2,2,5,3,4,4,0,2,5,3,2,3,1,4,4,0,3,3,0,3,5,2,3,2,-1,10 to 11,10 to 11,1 to <3,1 to <2,21-40%,81-100%,1,3,2,5,1,5,3,2,2,3,1,5,M,1,1,BLANK,BLANK,BLANK,BLANK,BLANK,BLANK,BLANK,BLANK,BLANK,BLANK,BLANK,BLANK,,Cantonese,DSE 4 or below,2,ENF,2.90,B-,2.83,2.80,CSC,No,2,0,13.10,1.00,0.00,0.00,0.00,0.00,1.00,4.00,3.00,7.00,4.00,6.00,9.00,7.00,6.00,28.00,16.80,2.00,2.50,2.00,1.00,0.50,6.00,7.50,1.00,4.00,1.50,2.00,1.50,9.00,22.50,66.90,4,4,5,3,2,2,4,4,5,5,0,BLANK,BLANK,1,BLANK,BLANK,BLANK,BLANK
761,1617T1,UNFN,Kai Ming,10,Kai Ming,10,4,6,2,5,5,0,5,5,0,5,5,0,4,5,1,3,5,2,4,4,0,4,5,1,3,5,2,3,5,2,3,5,2,4,5,1,4,5,1,4,5,1,4,5,1,4,5,1,5,5,0,6 to 7,0 to 1,3 to <6,1 to <2,61-80%,81-100%,3,4,4,4,4,5,4,4,4,4,4,3,M,BLANK,BLANK,1,BLANK,BLANK,BLANK,1,BLANK,BLANK,BLANK,BLANK,BLANK,BLANK,1,,Cantonese,DSE 5 or above,2,ART,3.58,A-,3.39,3.29,CSC,No,1,1,16.10,1.00,2.00,2.00,2.00,7.00,0.00,0.00,0.00,0.00,9.00,8.00,6.00,10.00,8.00,35.00,21.00,1.00,5.50,3.00,1.00,1.00,10.50,13.13,1.00,4.00,2.50,2.00,2.00,10.50,26.25,83.48,4,4,5,5,5,NA,NA,NA,NA,NA,0,BLANK,BLANK,BLANK,BLANK,1,BLANK,BLANK
774,1617T1,UNFN,Kai Ming,10,Kai Ming,10,6,6,0,6,6,0,4,6,2,4,3,-1,2,5,3,6,6,0,6,6,0,5,6,1,6,6,0,6,6,0,4,6,2,4,6,2,3,6,3,4,6,2,1,1,0,4,6,2,1,1,0,4 to 5,0 to 1,3 to <6,1 to <2,61-80%,81-100%,NA,4,4,4,2,5,5,3,4,4,3,3,M,1,1,BLANK,BLANK,BLANK,BLANK,BLANK,BLANK,BLANK,BLANK,BLANK,BLANK,1,BLANK,,Cantonese,DSE 4 or below,2,SCF,2.21,B+,2.46,2.58,CUC,No,2,0,14.70,1.00,0.00,0.00,0.00,0.00,1.00,0.00,4.00,4.00,6.00,9.00,9.00,7.00,7.00,32.00,19.20,3.00,3.50,3.00,1.00,1.00,8.50,10.63,2.00,4.50,3.00,2.00,2.00,11.50,28.75,77.28,NA,NA,NA,NA,NA,5,4,5,5,5,1,BLANK,BLANK,BLANK,BLANK,BLANK,BLANK,BLANK
779,1617T1,UNFN,Kai Ming,10,Kai Ming,10,3,3,0,4,3,-1,4,2,-2,2,2,0,2,2,0,2,1,-1,1,1,0,3,3,0,3,3,0,2,2,0,3,3,0,2,2,0,2,2,0,4,2,-2,3,BLANK,#VALUE!,4,3,-1,4,4,0,8 to 9,8 to 9,more than 15,more than 5,61-80%,81-100%,3,3,3,3,4,3,2,3,2,3,4,4,F,BLANK,BLANK,BLANK,BLANK,BLANK,BLANK,1,BLANK,BLANK,BLANK,BLANK,BLANK,1,BLANK,,Cantonese,DSE 5 or above,1,BAF,2.78,C+,2.78,0.00,CCC,Yes,0,1,13.40,1.00,2.00,2.00,0.00,4.00,0.00,0.00,0.00,0.00,6.00,4.00,6.00,6.00,7.00,25.00,15.00,1.00,2.50,1.50,1.00,0.50,5.50,6.88,4.00,3.50,2.50,1.50,2.00,9.50,23.75,63.03,3,3,3,3,3,NA,NA,NA,NA,NA,0,BLANK,BLANK,BLANK,BLANK,1,BLANK,BLANK
782,1617T1,UNFN,Kai Ming,10,Kai Ming,10,4,5,1,5,6,1,4,5,1,4,5,1,4,4,0,4,5,1,5,5,0,4,5,1,4,5,1,4,5,1,4,5,1,3,5,2,4,4,0,5,5,0,4,5,1,5,6,1,5,4,-1,6 to 7,2 to 3,10 to <15,4 to <5,61-80%,61-80%,3,4,5,3,4,4,5,5,5,5,5,2,F,BLANK,BLANK,1,BLANK,BLANK,BLANK,BLANK,BLANK,BLANK,BLANK,BLANK,BLANK,BLANK,1,,Cantonese,DSE 5 or above,2,ART,2.98,B+,3.16,3.24,CSC,No,1,0,14.60,1.00,2.00,2.00,2.00,6.00,0.00,0.00,0.00,0.00,10.00,7.00,8.00,8.00,5.00,33.00,19.80,1.00,5.50,3.00,1.00,1.00,10.50,13.13,1.00,4.00,2.50,2.00,2.00,10.50,26.25,79.78,4,4,3,4,4,NA,NA,NA,NA,NA,1,BLANK,BLANK,BLANK,BLANK,BLANK,BLANK,BLANK
795,1617T1,UNFN,Kai Ming,10,Kai Ming,10,6,5,-1,6,6,0,4,6,2,3,4,1,3,4,1,3,5,2,4,5,1,5,5,0,4,5,1,4,5,1,4,5,1,4,5,1,5,5,0,5,5,0,5,5,0,5,5,0,6,5,-1,10 to 11,2 to 3,6 to <10,2 to <3,81-100%,81-100%,4,4,3,3,4,4,4,4,4,4,4,4,M,BLANK,1,BLANK,BLANK,BLANK,BLANK,BLANK,BLANK,BLANK,BLANK,BLANK,BLANK,1,BLANK,,Cantonese,DSE 4 or below,2,SSF,3.45,A-,3.28,3.18,CSC,No,1,0,13.70,1.00,0.00,0.00,0.00,0.00,1.00,4.00,3.00,7.00,9.00,8.00,9.00,9.00,10.00,37.00,22.20,1.00,5.50,3.50,1.00,1.00,11.00,13.75,3.00,5.00,3.00,2.00,2.00,12.00,30.00,86.65,4,4,4,4,4,5,5,5,5,4,1,BLANK,BLANK,BLANK,BLANK,BLANK,BLANK,BLANK
796,1617T1,UNFN,Kai Ming,10,Kai Ming,10,5,5,0,5,5,0,4,4,0,5,5,0,4,5,1,4,4,0,4,4,0,5,5,0,4,5,1,5,5,0,4,4,0,5,5,0,4,4,0,5,4,-1,5,4,-1,6,6,0,5,4,-1,6 to 7,0 to 1,3 to <6,4 to <5,61-80%,81-100%,4,4,4,3,4,4,5,5,5,5,4,4,M,BLANK,1,BLANK,BLANK,BLANK,BLANK,BLANK,BLANK,BLANK,BLANK,BLANK,BLANK,1,BLANK,,Cantonese,DSE 5 or above,2,SSF,3.32,A-,3.35,3.37,CUC,No,1,0,15.90,1.00,0.00,0.00,0.00,0.00,1.00,4.00,2.00,6.00,10.00,9.00,9.00,9.00,5.00,37.00,22.20,1.00,3.50,2.00,1.00,1.00,7.50,9.38,2.00,4.50,2.50,2.00,2.00,11.00,27.50,80.98,NA,NA,NA,NA,NA,4,4,5,5,3,0,BLANK,BLANK,BLANK,BLANK,1,BLANK,BLANK
808,1617T1,UNFN,Kai Ming,10,Kai Ming,10,3,4,1,4,6,2,4,5,1,4,5,1,2,4,2,5,5,0,5,6,1,5,5,0,4,6,2,4,6,2,4,6,2,4,5,1,3,5,2,3,6,3,3,5,2,3,5,2,3,5,2,10 to 11,8 to 9,6 to <10,2 to <3,81-100%,81-100%,4,4,4,3,4,4,4,4,4,4,4,4,M,1,1,1,BLANK,BLANK,BLANK,BLANK,BLANK,BLANK,BLANK,BLANK,BLANK,BLANK,BLANK,,Cantonese,DSE 4 or below,2,ART,3.25,A-,3.30,3.32,CUC,No,3,0,17.30,1.00,0.00,0.00,0.00,0.00,1.00,3.00,3.00,6.00,7.00,9.00,8.00,6.00,8.00,32.00,19.20,3.00,4.50,3.00,1.00,0.50,9.00,11.25,4.00,4.00,2.50,2.00,2.00,10.50,26.25,80.00,NA,NA,NA,NA,NA,4,3,4,4,3,0,1,1,BLANK,BLANK,1,BLANK,BLANK
813,1617T1,UNFN,Kai Ming,10,Kai Ming,10,3,4,1,6,6,0,4,5,1,4,4,0,2,5,3,3,4,1,4,5,1,5,5,0,1,2,1,2,5,3,2,4,2,1,4,3,2,3,1,NA,4,#VALUE!,3,5,2,2,4,2,3,3,0,8 to 9,4 to 5,3 to <6,3 to <4,21-40%,41-60%,1,4,2,4,2,4,2,2,4,4,4,2,F,BLANK,BLANK,BLANK,BLANK,BLANK,BLANK,BLANK,1,1,BLANK,BLANK,BLANK,1,BLANK,,Cantonese,DSE 4 or below,2,ART,3.27,B+,3.15,3.09,CSC,No,0,2,13.00,1.00,2.00,2.00,2.00,6.00,0.00,0.00,0.00,0.00,8.00,7.00,8.00,8.00,7.00,31.00,18.60,3.00,3.50,1.50,1.00,1.00,7.00,8.75,1.00,5.00,3.00,2.00,2.00,12.00,30.00,76.35,2,3,4,4,5,NA,NA,NA,NA,NA,0,BLANK,BLANK,BLANK,BLANK,1,BLANK,BLANK
818,1617T1,UNFN,Kai Ming,10,Kai Ming,10,4,4,0,4,5,1,4,4,0,5,4,-1,3,3,0,3,3,0,3,2,-1,5,3,-2,3,2,-1,3,4,1,3,3,0,4,3,-1,4,4,0,5,4,-1,4,5,1,5,4,-1,5,4,-1,6 to 7,8 to 9,3 to <6,1 to <2,41-60%,81-100%,4,4,4,2,4,4,3,4,4,4,4,3,F,BLANK,BLANK,BLANK,BLANK,BLANK,BLANK,BLANK,BLANK,BLANK,BLANK,BLANK,BLANK,1,1,,Cantonese,DSE 5 or above,2,SSF,3.28,B,3.23,3.20,CUC,No,0,0,14.40,1.00,2.00,2.00,2.00,6.00,0.00,0.00,0.00,0.00,5.00,6.00,7.00,6.00,7.00,26.00,15.60,1.00,4.50,3.00,1.00,1.00,9.50,11.88,1.00,4.00,2.50,2.00,2.00,10.50,26.25,74.13,3,3,4,3,3,BLANK,NA,NA,NA,NA,0,1,BLANK,BLANK,BLANK,BLANK,BLANK,BLANK
827,1617T1,UNFN,Kai Ming,10,Kai Ming,10,3,5,2,4,5,1,4,4,0,3,4,1,4,3,-1,3,4,1,3,3,0,3,3,0,3,4,1,3,4,1,4,4,0,3,3,0,4,4,0,4,4,0,4,4,0,4,4,0,4,5,1,4 to 5,6 to 7,1 to <3,1 to <2,21-40%,81-100%,3,4,4,3,3,4,3,3,3,4,4,2,F,BLANK,BLANK,BLANK,BLANK,BLANK,BLANK,BLANK,BLANK,BLANK,BLANK,BLANK,BLANK,1,BLANK,,Cantonese,DSE 4 or below,2,EDU,2.96,B-,2.83,2.78,CUC,No,0,0,13.00,1.00,1.00,2.00,2.00,5.00,0.00,0.00,0.00,0.00,6.00,8.00,7.00,5.00,5.00,26.00,15.60,2.00,3.00,1.50,1.00,1.00,6.50,8.13,1.00,3.00,2.50,2.00,2.00,9.50,23.75,65.48,4,4,3,4,4,NA,NA,NA,NA,NA,1,BLANK,BLANK,BLANK,BLANK,BLANK,BLANK,BLANK
828,1617T1,UNFN,Kai Ming,10,Kai Ming,10,4,5,1,5,6,1,4,4,0,3,4,1,3,3,0,3,4,1,4,5,1,4,5,1,3,4,1,4,5,1,3,5,2,4,5,1,4,5,1,4,6,2,4,4,0,4,6,2,3,4,1,6 to 7,8 to 9,3 to <6,1 to <2,41-60%,81-100%,4,4,3,3,4,4,4,4,4,5,4,4,F,BLANK,BLANK,BLANK,BLANK,BLANK,BLANK,1,BLANK,1,BLANK,BLANK,BLANK,1,BLANK,,Cantonese,DSE 4 or below,2,ART,3.03,B+,3.16,3.22,CNA,No,0,2,13.00,1.00,0.00,0.00,0.00,0.00,1.00,3.00,3.00,6.00,7.00,6.00,8.00,9.00,5.00,30.00,18.00,1.00,5.00,3.50,1.00,1.00,10.50,13.13,1.00,4.50,3.00,2.00,2.00,11.50,28.75,78.88,NA,NA,NA,NA,NA,4,4,5,4,4,0,BLANK,BLANK,BLANK,BLANK,1,BLANK,BLANK
833,1617T1,UNFN,Kai Ming,10,Kai Ming,10,3,6,3,5,6,1,4,4,0,2,4,2,4,4,0,6,6,0,6,6,0,6,6,0,5,6,1,4,6,2,4,6,2,4,5,1,3,6,3,5,5,0,4,5,1,4,5,1,4,6,2,0 to 1,6 to 7,6 to <10,less than 1,21-40%,61-80%,3,5,4,2,3,3,4,4,NA,4,4,3,M,BLANK,BLANK,BLANK,1,BLANK,BLANK,BLANK,BLANK,BLANK,BLANK,BLANK,BLANK,BLANK,BLANK,,Cantonese,DSE 4 or below,2,ENF,2.23,C-,2.25,2.26,CSC,No,1,0,10.60,1.00,0.00,0.00,0.00,0.00,1.00,0.00,0.00,0.00,6.00,7.00,0.00,5.00,0.00,18.00,10.80,3.00,3.50,2.00,1.00,0.50,7.00,8.75,4.00,4.00,2.50,2.00,0.50,8.00,20.00,50.15,NA,NA,NA,NA,NA,NA,NA,NA,NA,NA,0,BLANK,BLANK,BLANK,BLANK,BLANK,BLANK,1
843,1617T1,UNFN,Kai Ming,10,Kai Ming,10,4,5,1,4,5,1,4,4,0,5,4,-1,3,4,1,3,4,1,3,4,1,3,5,2,2,4,2,3,5,2,3,4,1,3,5,2,4,4,0,4,4,0,4,4,0,5,4,-1,4,4,0,2 to 3,0 to 1,6 to <10,2 to <3,81-100%,81-100%,4,4,5,3,4,4,4,4,4,4,4,4,F,BLANK,BLANK,BLANK,BLANK,BLANK,BLANK,BLANK,1,BLANK,BLANK,BLANK,BLANK,1,BLANK,,Cantonese,DSE 4 or below,2,BAF,3.18,B+,3.26,3.31,CWS,No,0,1,14.80,1.00,2.00,2.00,1.00,5.00,0.00,0.00,0.00,0.00,9.00,5.00,9.00,7.00,8.00,33.00,19.80,2.00,5.00,3.50,1.00,1.00,10.50,13.13,4.00,4.00,2.50,2.00,2.00,10.50,26.25,78.98,2,2,4,3,4,NA,NA,NA,NA,NA,0,BLANK,BLANK,BLANK,BLANK,1,BLANK,BLANK
851,1617T1,UNFN,Kai Ming,10,Kai Ming,10,5,5,0,4,5,1,4,5,1,5,5,0,3,4,1,4,4,0,5,5,0,5,5,0,3,5,2,3,5,2,3,5,2,4,5,1,5,6,1,5,6,1,5,6,1,5,5,0,5,6,1,10 to 11,10 to 11,3 to <6,1 to <2,61-80%,81-100%,4,4,4,4,3,4,4,4,4,4,4,4,M,BLANK,BLANK,BLANK,BLANK,BLANK,BLANK,BLANK,BLANK,BLANK,BLANK,BLANK,BLANK,1,BLANK,,Cantonese,DSE 4 or below,2,SSF,3.28,A-,3.11,3.04,CCC,No,0,0,15.60,1.00,0.00,0.00,0.00,0.00,1.00,4.00,3.00,7.00,6.00,7.00,8.00,8.00,6.00,29.00,17.40,1.00,5.00,3.50,1.00,1.00,10.50,13.13,4.00,4.50,2.50,2.00,2.00,11.00,27.50,80.63,4,4,4,4,4,5,4,4,4,4,0,1,BLANK,BLANK,BLANK,BLANK,BLANK,BLANK
856,1617T1,UNFN,Kai Ming,10,Kai Ming,10,5,4,-1,5,5,0,5,5,0,4,5,1,5,5,0,4,5,1,5,5,0,5,5,0,5,5,0,5,5,0,5,6,1,4,6,2,4,5,1,4,5,1,4,6,2,4,5,1,5,5,0,10 to 11,0 to 1,3 to <6,2 to <3,41-60%,61-80%,4,4,4,4,5,4,4,4,4,4,4,4,M,1,1,BLANK,BLANK,BLANK,BLANK,BLANK,BLANK,BLANK,BLANK,BLANK,BLANK,BLANK,BLANK,,Cantonese,DSE 5 or above,2,MED,3.45,B+,3.44,3.43,CCW,No,2,0,15.60,1.00,2.00,2.00,0.00,4.00,0.00,0.00,0.00,0.00,8.00,3.00,10.00,10.00,10.00,38.00,22.80,2.00,4.00,2.50,1.00,1.00,8.50,10.63,4.00,3.50,2.00,2.00,2.00,9.50,23.75,76.78,3,5,4,4,4,NA,NA,NA,NA,NA,0,BLANK,BLANK,BLANK,BLANK,1,BLANK,BLANK
859,1617T1,UNFN,Kai Ming,10,Kai Ming,10,5,5,0,5,5,0,4,4,0,5,4,-1,4,3,-1,4,4,0,5,5,0,5,5,0,3,5,2,4,5,1,3,5,2,3,5,2,5,4,-1,4,4,0,5,5,0,3,5,2,4,5,1,8 to 9,4 to 5,3 to <6,2 to <3,0,81-100%,4,4,4,2,4,3,4,4,3,4,4,2,F,BLANK,1,1,BLANK,BLANK,BLANK,BLANK,BLANK,BLANK,BLANK,BLANK,BLANK,1,BLANK,,Cantonese,DSE 5 or above,2,MED,3.42,B+,3.48,3.52,CSC,No,2,0,13.60,1.00,2.00,2.00,2.00,6.00,0.00,0.00,0.00,0.00,9.00,8.00,10.00,8.00,9.00,36.00,21.60,2.00,3.50,2.00,1.00,1.00,7.50,9.38,1.00,4.50,3.00,2.00,2.00,11.50,28.75,79.33,2,2,2,2,4,NA,NA,NA,NA,NA,1,BLANK,BLANK,BLANK,BLANK,BLANK,BLANK,BLANK
867,1617T1,UNFN,Kai Ming,10,Kai Ming,10,4,4,0,4,4,0,5,4,-1,4,4,0,2,3,1,2,3,1,3,3,0,3,4,1,3,4,1,4,4,0,4,4,0,4,4,0,5,4,-1,5,4,-1,5,4,-1,6,4,-2,5,4,-1,10 to 11,10 to 11,more than 15,4 to <5,81-100%,81-100%,4,5,4,3,4,4,4,4,4,4,4,3,F,BLANK,BLANK,BLANK,1,BLANK,BLANK,BLANK,BLANK,BLANK,BLANK,BLANK,BLANK,BLANK,1,,Cantonese,DSE 5 or above,2,EDU,3.31,B,3.19,3.14,CSC,No,1,0,13.40,1.00,0.00,0.00,0.00,0.00,1.00,4.00,3.00,7.00,5.00,7.00,7.00,7.00,6.00,27.00,16.20,2.00,4.50,2.50,1.00,1.00,9.00,11.25,3.00,4.00,2.00,2.00,2.00,10.00,25.00,72.85,NA,NA,NA,NA,NA,4,5,5,5,5,1,BLANK,BLANK,BLANK,BLANK,BLANK,BLANK,BLANK
872,1617T1,UNFN,Kai Ming,10,Kai Ming,10,4,4,0,4,4,0,3,4,1,3,4,1,3,4,1,3,4,1,3,4,1,4,4,0,3,4,1,3,4,1,3,4,1,4,4,0,3,4,1,4,4,0,3,4,1,4,4,0,4,4,0,10 to 11,10 to 11,6 to <10,4 to <5,61-80%,81-100%,3,3,3,3,3,3,BLANK,3,4,4,4,4,F,1,1,BLANK,BLANK,BLANK,BLANK,BLANK,BLANK,BLANK,BLANK,BLANK,BLANK,1,BLANK,,Cantonese,DSE 4 or below,2,SSF,3.28,B,3.00,2.86,CUC,No,2,0,14.40,1.00,2.00,2.00,2.00,6.00,0.00,0.00,0.00,0.00,7.00,8.00,5.00,9.00,7.00,31.00,18.60,3.00,3.50,2.00,1.00,1.00,7.50,9.38,2.00,4.00,2.00,2.00,2.00,10.00,25.00,73.38,4,4,3,3,3,3,4,3,4,3,0,BLANK,BLANK,1,BLANK,BLANK,BLANK,BLANK
874,1617T1,UNFN,Kai Ming,10,Kai Ming,10,5,5,0,5,5,0,4,5,1,4,5,1,4,5,1,4,5,1,4,5,1,4,5,1,4,5,1,4,5,1,3,5,2,4,5,1,4,5,1,4,5,1,3,5,2,5,5,0,4,5,1,10 to 11,8 to 9,6 to <10,4 to <5,81-100%,81-100%,4,4,4,4,4,4,4,4,4,4,4,4,F,BLANK,1,1,BLANK,BLANK,BLANK,BLANK,BLANK,BLANK,BLANK,BLANK,BLANK,BLANK,BLANK,,Cantonese,DSE 5 or above,2,MED,3.54,B+,3.33,3.23,CSH,No,2,0,13.80,1.00,2.00,2.00,2.00,6.00,0.00,0.00,0.00,0.00,9.00,10.00,8.00,7.00,6.00,34.00,20.40,3.00,4.50,3.00,1.00,1.00,9.50,11.88,2.00,3.50,2.50,2.00,1.50,9.50,23.75,75.83,4,4,4,4,4,NA,NA,NA,NA,NA,1,BLANK,BLANK,BLANK,BLANK,BLANK,BLANK,BLANK
876,1617T1,UNFN,Kai Ming,10,Kai Ming,10,3,5,2,4,5,1,4,4,0,3,4,1,2,3,1,2,4,2,2,3,1,3,6,3,2,4,2,2,5,3,2,5,3,3,5,2,2,5,3,3,4,1,3,4,1,3,4,1,3,4,1,10 to 11,10 to 11,6 to <10,3 to <4,81-100%,81-100%,4,4,4,4,4,4,4,4,4,4,4,4,M,BLANK,BLANK,BLANK,BLANK,BLANK,BLANK,BLANK,1,1,BLANK,BLANK,BLANK,1,BLANK,,Cantonese,DSE 4 or below,2,ART,3.48,B+,3.12,2.91,CNA,No,0,2,16.30,1.00,2.00,2.00,2.00,6.00,0.00,0.00,0.00,0.00,7.00,7.00,9.00,5.00,6.00,29.00,17.40,2.00,3.50,3.00,1.00,1.00,8.50,10.63,1.00,4.50,3.00,2.00,2.00,11.50,28.75,79.08,4,4,4,4,4,NA,NA,NA,NA,NA,0,BLANK,BLANK,BLANK,BLANK,1,BLANK,1
880,1617T1,UNFN,Kai Ming,10,Kai Ming,10,6,5,-1,5,5,0,4,5,1,4,5,1,2,3,1,2,5,3,2,3,1,3,4,1,1,4,3,4,5,1,4,4,0,3,5,2,5,6,1,5,6,1,5,6,1,6,6,0,5,6,1,2 to 3,0 to 1,3 to <6,2 to <3,41-60%,81-100%,4,5,5,3,5,3,4,4,4,4,3,3,M,1,1,BLANK,BLANK,BLANK,BLANK,BLANK,BLANK,BLANK,BLANK,BLANK,BLANK,1,BLANK,,Cantonese,DSE 4 or below,2,SSF,2.05,B,2.62,2.93,CNA,No,2,0,14.50,1.00,0.00,0.00,0.00,0.00,1.00,3.00,4.00,7.00,8.00,5.00,7.00,6.00,7.00,28.00,16.80,2.00,4.00,2.50,1.00,1.00,8.50,10.63,4.00,4.00,2.00,2.00,2.00,10.00,25.00,73.93,NA,NA,NA,NA,NA,5,5,5,5,4,0,BLANK,BLANK,BLANK,BLANK,1,BLANK,BLANK
893,1617T1,UNFN,Kai Ming,10,Kai Ming,10,4,5,1,6,6,0,2,6,4,3,5,2,3,4,1,5,5,0,6,6,0,4,6,2,4,5,1,4,6,2,5,5,0,5,5,0,4,5,1,5,5,0,3,4,1,4,5,1,4,5,1,8 to 9,0 to 1,6 to <10,3 to <4,61-80%,41-60%,3,4,5,3,2,4,4,4,4,4,4,3,M,BLANK,1,1,BLANK,BLANK,BLANK,BLANK,BLANK,BLANK,BLANK,BLANK,BLANK,BLANK,BLANK,,Cantonese,DSE 5 or above,2,SSF,3.43,B+,3.31,3.25,CYS,No,2,0,14.60,1.00,0.00,0.00,0.00,0.00,1.00,3.00,4.00,7.00,10.00,7.00,8.00,10.00,8.00,36.00,21.60,1.00,3.00,2.50,1.00,1.00,7.50,9.38,4.00,4.50,2.00,2.00,2.00,10.50,26.25,78.83,4,3,3,3,3,5,5,5,5,5,1,BLANK,BLANK,BLANK,BLANK,BLANK,BLANK,BLANK
911,1617T1,UNFN,Kai Ming,10,Kai Ming,10,4,4,0,5,5,0,5,5,0,5,5,0,4,4,0,4,5,1,5,5,0,5,5,0,4,4,0,5,5,0,5,4,-1,5,5,0,4,5,1,4,5,1,4,4,0,5,5,0,4,6,2,10 to 11,2 to 3,3 to <6,2 to <3,61-80%,81-100%,3,4,4,4,4,4,4,4,4,4,4,2,F,BLANK,1,1,BLANK,BLANK,BLANK,BLANK,BLANK,BLANK,BLANK,BLANK,BLANK,1,BLANK,,Cantonese,DSE 5 or above,2,MED,3.62,B+,3.43,3.31,CSC,No,2,0,13.30,1.00,2.00,2.00,1.00,5.00,0.00,0.00,0.00,0.00,8.00,10.00,8.00,8.00,6.00,34.00,20.40,2.00,4.50,3.00,1.00,1.00,9.50,11.88,1.00,4.00,2.00,2.00,2.00,10.00,25.00,75.58,2,4,4,3,4,NA,NA,NA,NA,NA,0,BLANK,BLANK,BLANK,BLANK,1,BLANK,BLANK
926,1617T1,UNFN,Kai Ming,10,Kai Ming,10,5,5,0,5,5,0,5,5,0,5,5,0,3,4,1,3,4,1,5,5,0,4,5,1,2,5,3,2,5,3,4,5,1,4,5,1,4,5,1,5,5,0,4,5,1,3,5,2,4,5,1,10 to 11,0 to 1,6 to <10,3 to <4,81-100%,81-100%,4,4,4,2,4,2,4,4,4,4,4,3,M,1,1,BLANK,BLANK,BLANK,BLANK,BLANK,BLANK,BLANK,BLANK,BLANK,BLANK,BLANK,BLANK,,Others,DSE 5 or above,2,BAF,3.73,A,3.71,3.69,CUC,No,2,0,17.70,1.00,2.00,2.00,2.00,6.00,0.00,0.00,0.00,0.00,9.00,10.00,10.00,10.00,9.00,39.00,23.40,1.00,5.00,3.50,1.00,1.00,10.50,13.13,2.00,4.50,3.00,2.00,2.00,11.50,28.75,88.98,3,3,3,3,4,NA,NA,NA,NA,NA,0,BLANK,BLANK,BLANK,BLANK,1,1,BLANK
933,1617T1,UNFN,Kai Ming,10,Kai Ming,10,2,4,2,4,4,0,2,3,1,2,3,1,2,3,1,2,3,1,3,5,2,3,5,2,2,4,2,2,4,2,2,4,2,2,3,1,2,3,1,2,4,2,2,3,1,4,4,0,3,4,1,6 to 7,4 to 5,6 to <10,2 to <3,81-100%,61-80%,4,4,5,4,4,4,3,4,3,4,4,4,F,BLANK,BLANK,1,BLANK,BLANK,BLANK,BLANK,BLANK,BLANK,BLANK,BLANK,BLANK,BLANK,BLANK,,Cantonese,DSE 4 or below,2,SCF,2.61,B-,2.63,2.65,CNA,No,1,0,13.40,1.00,2.00,2.00,1.00,5.00,0.00,0.00,0.00,0.00,8.00,5.00,7.00,5.00,6.00,26.00,15.60,2.00,3.50,2.00,1.00,0.50,7.00,8.75,2.00,4.00,2.50,1.00,1.50,9.00,22.50,65.25,4,4,4,4,4,NA,NA,NA,NA,NA,0,BLANK,BLANK,BLANK,BLANK,1,BLANK,BLANK
949,1617T1,UNFN,Kai Ming,10,Kai Ming,10,3,3,0,2,3,1,4,3,-1,5,4,-1,1,1,0,NA,1,#VALUE!,1,1,0,1,2,1,1,3,2,1,3,2,5,4,-1,5,4,-1,NA,2,#VALUE!,1,2,1,6,2,-4,2,2,0,2,NA,#VALUE!,8 to 9,8 to 9,more than 15,2 to <3,61-80%,81-100%,1,2,1,NA,3,NA,1,1,3,3,1,NA,M,1,1,BLANK,BLANK,BLANK,BLANK,BLANK,BLANK,BLANK,BLANK,BLANK,BLANK,1,BLANK,,Cantonese,DSE 4 or below,2,SSF,2.92,B,3.05,3.12,CSC,No,2,0,13.20,1.00,0.00,0.00,0.00,0.00,1.00,4.00,3.00,7.00,6.00,6.00,6.00,4.00,5.00,23.00,13.80,1.00,4.50,3.00,1.00,1.00,9.50,11.88,3.00,4.50,3.00,2.00,2.00,11.50,28.75,74.63,NA,NA,NA,NA,NA,1,1,5,5,5,0,BLANK,BLANK,BLANK,BLANK,1,BLANK,BLANK
960,1617T1,UNFN,Kai Ming,10,Kai Ming,10,4,4,0,5,5,0,4,4,0,3,4,1,3,4,1,4,3,-1,5,4,-1,5,5,0,4,4,0,4,4,0,4,4,0,4,4,0,4,5,1,4,5,1,4,4,0,4,5,1,4,6,2,10 to 11,0 to 1,more than 15,more than 5,81-100%,81-100%,3,4,4,3,2,2,2,2,3,4,4,3,M,1,1,BLANK,BLANK,BLANK,BLANK,BLANK,BLANK,BLANK,BLANK,BLANK,BLANK,1,BLANK,,Cantonese,DSE 5 or above,2,SSF,3.63,A,3.67,3.69,CNA,No,2,0,17.20,1.00,0.00,0.00,0.00,0.00,1.00,4.00,3.00,7.00,9.00,9.00,9.00,10.00,10.00,38.00,22.80,1.00,4.50,3.00,1.00,1.00,9.50,11.88,2.00,4.50,3.00,2.00,2.00,11.50,28.75,87.63,NA,NA,NA,NA,BLANK,4,4,4,4,4,0,BLANK,BLANK,BLANK,BLANK,1,BLANK,BLANK
967,1617T1,UNFN,Kai Ming,10,Kai Ming,10,4,5,1,5,6,1,3,7,4,3,3,0,2,4,2,2,4,2,3,5,2,4,5,1,1,5,4,1,4,3,1,5,4,2,4,2,3,4,1,5,4,-1,4,4,0,5,4,-1,6,6,0,6 to 7,2 to 3,3 to <6,2 to <3,21-40%,81-100%,4,5,4,4,4,4,3,4,4,4,4,4,F,BLANK,BLANK,BLANK,BLANK,BLANK,BLANK,BLANK,BLANK,BLANK,BLANK,BLANK,1,BLANK,1,,Cantonese,DSE 4 or below,2,ART,2.89,B-,2.97,3.02,CNA,No,0,0,13.30,1.00,2.00,2.00,2.00,6.00,0.00,0.00,0.00,0.00,5.00,5.00,7.00,5.00,5.00,22.00,13.20,2.00,4.00,2.50,1.00,1.00,8.50,10.63,1.00,3.50,2.50,2.00,2.00,10.00,25.00,68.13,3,4,5,4,4,NA,NA,NA,NA,NA,0,BLANK,BLANK,BLANK,BLANK,1,BLANK,BLANK
974,1617T1,UNFN,Kai Ming,10,Kai Ming,10,4,5,1,5,6,1,4,5,1,4,5,1,3,5,2,3,5,2,4,5,1,5,6,1,3,5,2,3,5,2,4,6,2,4,5,1,4,5,1,5,5,0,4,5,1,5,6,1,4,5,1,8 to 9,0 to 1,3 to <6,2 to <3,61-80%,81-100%,4,5,5,2,4,4,4,4,4,5,5,3,F,1,BLANK,BLANK,BLANK,BLANK,BLANK,BLANK,1,BLANK,BLANK,BLANK,BLANK,BLANK,BLANK,,Cantonese,DSE 5 or above,2,SSF,3.17,B+,3.10,3.07,CWS,No,1,1,14.50,1.00,2.00,2.00,1.00,5.00,0.00,0.00,0.00,0.00,7.00,7.00,8.00,8.00,6.00,30.00,18.00,2.00,4.00,2.50,1.00,0.50,8.00,10.00,4.00,5.00,3.00,2.00,2.00,12.00,30.00,77.50,4,4,4,4,4,NA,NA,NA,NA,NA,0,1,BLANK,BLANK,BLANK,1,BLANK,BLANK
976,1617T1,UNFN,Kai Ming,10,Kai Ming,10,4,5,1,6,5,-1,3,5,2,3,5,2,3,2,-1,2,2,0,2,2,0,3,2,-1,2,5,3,2,5,3,4,5,1,4,5,1,4,5,1,4,5,1,3,5,2,3,5,2,5,5,0,10 to 11,10 to 11,10 to <15,2 to <3,81-100%,81-100%,3,4,4,4,2,4,2,2,4,4,4,4,F,BLANK,1,BLANK,BLANK,BLANK,BLANK,BLANK,BLANK,BLANK,BLANK,BLANK,BLANK,1,BLANK,,Cantonese,DSE 5 or above,2,SSF,3.09,B,3.11,3.12,CCW,No,1,0,14.40,1.00,0.00,0.00,0.00,0.00,1.00,3.00,2.00,5.00,8.00,9.00,8.00,0.00,8.00,33.00,19.80,1.00,3.50,1.50,1.00,1.00,7.00,8.75,3.00,4.00,2.50,2.00,1.50,10.00,25.00,72.95,NA,NA,NA,NA,BLANK,4,4,2,4,4,0,BLANK,BLANK,BLANK,BLANK,1,BLANK,BLANK
983,1617T1,UNFN,Kai Ming,10,Kai Ming,10,5,4,-1,5,5,0,5,5,0,5,4,-1,5,5,0,4,5,1,4,4,0,5,5,0,4,4,0,4,5,1,4,5,1,4,4,0,4,5,1,4,5,1,4,5,1,5,5,0,5,4,-1,8 to 9,0 to 1,3 to <6,1 to <2,21-40%,81-100%,4,4,4,3,4,4,4,4,4,4,4,3,F,BLANK,BLANK,1,BLANK,BLANK,BLANK,BLANK,BLANK,1,BLANK,BLANK,BLANK,BLANK,1,,Cantonese,DSE 5 or above,2,ART,2.72,B-,2.87,3.09,CUC,No,1,1,13.10,1.00,2.00,0.00,1.00,3.00,0.00,0.00,0.00,0.00,9.00,6.00,6.00,8.00,5.00,29.00,17.40,3.00,3.00,2.00,1.00,1.00,7.00,8.75,4.00,4.00,2.50,2.00,2.00,10.50,26.25,68.50,3,3,3,4,4,NA,NA,NA,NA,NA,0,BLANK,BLANK,BLANK,BLANK,1,BLANK,BLANK
984,1617T1,UNFN,Kai Ming,10,Kai Ming,10,4,5,1,5,5,0,4,5,1,4,5,1,4,3,-1,4,3,-1,4,4,0,4,5,1,2,3,1,4,5,1,4,5,1,3,5,2,4,4,0,4,4,0,4,5,1,4,5,1,4,4,0,6 to 7,6 to 7,1 to <3,2 to <3,1-20%,0,4,4,4,4,4,4,4,4,4,4,4,4,M,1,1,BLANK,BLANK,BLANK,BLANK,BLANK,BLANK,BLANK,BLANK,BLANK,BLANK,BLANK,BLANK,,Cantonese,DSE 4 or below,2,ENF,2.94,B,2.88,2.85,CNA,No,2,0,15.90,1.00,0.00,0.00,0.00,0.00,1.00,3.00,4.00,7.00,3.00,4.00,5.00,5.00,7.00,21.00,12.60,1.00,4.00,3.00,1.00,0.50,8.50,10.63,4.00,4.50,2.00,2.00,2.00,10.50,26.25,72.38,4,4,4,4,4,2,2,5,4,5,0,BLANK,BLANK,BLANK,BLANK,1,BLANK,BLANK
1015,1617T1,UNFN,Kai Ming,10,Kai Ming,10,4,4,0,5,5,0,4,4,0,5,4,-1,4,3,-1,4,4,0,5,5,0,4,5,1,3,5,2,3,4,1,3,5,2,3,4,1,4,4,0,4,4,0,4,4,0,5,4,-1,5,4,-1,6 to 7,2 to 3,10 to <15,1 to <2,81-100%,61-80%,3,2,4,3,4,4,4,4,4,4,4,4,M,BLANK,1,1,BLANK,BLANK,BLANK,BLANK,BLANK,BLANK,BLANK,BLANK,BLANK,1,BLANK,,BLANK,DSE 4 or below,2,SSF,3.22,B+,2.82,2.60,CCC,No,2,0,13.10,1.00,0.00,0.00,0.00,0.00,1.00,4.00,3.00,7.00,4.00,8.00,10.00,6.00,3.00,28.00,16.80,1.00,4.50,3.00,1.00,1.00,9.50,11.88,1.00,4.00,2.50,2.00,2.00,10.50,26.25,75.03,NA,NA,NA,NA,NA,4,4,4,4,4,0,1,BLANK,BLANK,BLANK,1,BLANK,BLANK
1016,1617T1,UNFN,Kai Ming,10,Kai Ming,10,4,5,1,4,5,1,4,4,0,4,4,0,4,4,0,3,3,0,3,5,2,3,5,2,3,5,2,3,5,2,4,5,1,4,4,0,4,4,0,4,4,0,4,4,0,4,5,1,4,5,1,6 to 7,0 to 1,1 to <3,2 to <3,81-100%,81-100%,3,4,4,3,4,4,3,4,4,4,4,3,F,1,1,BLANK,BLANK,BLANK,BLANK,BLANK,BLANK,BLANK,BLANK,BLANK,BLANK,1,BLANK,,Cantonese,DSE 4 or below,2,ART,3.23,B,3.11,3.05,CSC,No,2,0,13.50,1.00,2.00,2.00,2.00,6.00,0.00,0.00,0.00,0.00,9.00,6.00,7.00,9.00,5.00,31.00,18.60,2.00,3.00,1.50,1.00,1.00,6.50,8.13,2.00,4.00,2.50,1.50,2.00,10.00,25.00,71.23,4,4,3,3,3,NA,NA,NA,NA,NA,0,1,BLANK,BLANK,BLANK,BLANK,BLANK,BLANK
1019,1617T1,UNFN,Kai Ming,10,Kai Ming,10,4,4,0,5,5,0,4,4,0,4,4,0,4,4,0,4,4,0,4,4,0,4,4,0,4,4,0,4,4,0,4,5,1,4,5,1,4,4,0,4,4,0,4,5,1,5,5,0,5,5,0,4 to 5,4 to 5,3 to <6,2 to <3,41-60%,81-100%,3,3,4,4,4,4,3,4,4,4,4,3,M,BLANK,1,BLANK,BLANK,BLANK,BLANK,BLANK,BLANK,BLANK,BLANK,BLANK,BLANK,1,BLANK,,Cantonese,DSE 4 or below,2,SCF,3.09,B-,3.40,3.56,CNA,No,1,0,12.90,1.00,2.00,2.00,2.00,6.00,0.00,0.00,0.00,0.00,7.00,7.00,6.00,6.00,7.00,27.00,16.20,2.00,4.00,2.50,1.00,1.00,8.50,10.63,3.00,4.00,2.00,2.00,1.50,9.50,23.75,69.48,3,4,3,4,4,NA,NA,NA,NA,NA,0,BLANK,BLANK,BLANK,BLANK,1,BLANK,BLANK
1021,1617T1,UNFN,Kai Ming,10,Kai Ming,10,3,4,1,4,4,0,4,4,0,4,4,0,3,1,-2,3,1,-2,3,2,-1,3,4,1,3,3,0,3,3,0,3,3,0,3,3,0,4,3,-1,4,3,-1,4,3,-1,4,4,0,4,4,0,6 to 7,8 to 9,more than 15,more than 5,61-80%,61-80%,3,3,3,3,3,3,3,3,3,3,3,3,M,BLANK,BLANK,BLANK,BLANK,BLANK,BLANK,BLANK,BLANK,BLANK,BLANK,BLANK,BLANK,1,BLANK,,Cantonese,DSE 4 or below,2,SSF,2.28,C-,2.63,2.80,CSC,No,0,0,9.50,1.00,0.00,0.00,0.00,0.00,1.00,0.00,4.00,4.00,3.00,8.00,0.00,7.00,6.00,24.00,14.40,2.00,3.00,1.50,1.00,0.50,6.00,7.50,1.00,3.00,1.50,2.00,1.00,7.50,18.75,54.15,NA,NA,NA,NA,NA,2,2,2,2,4,0,BLANK,BLANK,BLANK,BLANK,1,BLANK,BLANK
1025,1617T1,UNFN,Kai Ming,10,Kai Ming,10,4,4,0,4,5,1,4,4,0,3,3,0,2,2,0,2,2,0,2,2,0,2,2,0,2,4,2,2,4,2,3,4,1,4,4,0,3,3,0,4,4,0,3,4,1,3,3,0,3,2,-1,10 to 11,10 to 11,1 to <3,2 to <3,81-100%,81-100%,2,4,3,3,2,3,1,2,3,3,4,3,F,BLANK,BLANK,BLANK,BLANK,BLANK,BLANK,BLANK,1,BLANK,BLANK,BLANK,BLANK,1,BLANK,,Cantonese,DSE 4 or below,2,ART,3.21,B,2.99,2.88,CNA,No,0,1,12.10,1.00,0.00,0.00,0.00,0.00,1.00,3.00,3.00,6.00,9.00,6.00,7.00,7.00,7.00,30.00,18.00,2.00,5.00,3.00,1.00,1.00,10.00,12.50,1.00,3.50,2.50,2.00,2.00,10.00,25.00,73.60,3,3,3,3,3,1,1,1,2,4,0,1,BLANK,BLANK,BLANK,1,BLANK,BLANK
1034,1617T1,UNFN,Kai Ming,10,Kai Ming,10,2,4,2,4,5,1,4,4,0,4,4,0,3,4,1,2,4,2,3,5,2,3,5,2,2,4,2,2,5,3,2,4,2,2,5,3,3,4,1,2,4,2,3,5,2,3,5,2,4,5,1,6 to 7,0 to 1,3 to <6,2 to <3,0,81-100%,4,4,4,4,4,4,4,4,4,4,4,4,M,BLANK,BLANK,BLANK,BLANK,BLANK,BLANK,BLANK,1,BLANK,BLANK,BLANK,1,1,BLANK,,Cantonese,DSE 4 or below,2,BAF,2.43,C+,2.66,2.79,CYS,No,0,1,13.00,1.00,2.00,2.00,1.00,5.00,0.00,0.00,0.00,0.00,6.00,7.00,6.00,6.00,7.00,26.00,15.60,2.00,3.00,2.00,1.00,1.00,7.00,8.75,1.00,3.00,2.00,1.50,2.00,8.50,21.25,63.60,4,4,4,4,4,3,3,3,3,3,0,BLANK,BLANK,BLANK,BLANK,BLANK,1,BLANK
1041,1617T1,UNFN,Kai Ming,10,Kai Ming,10,4,5,1,5,6,1,4,5,1,4,5,1,4,4,0,5,4,-1,4,5,1,5,6,1,4,5,1,4,5,1,5,5,0,4,5,1,5,5,0,4,5,1,4,5,1,5,5,0,4,5,1,8 to 9,4 to 5,3 to <6,2 to <3,81-100%,81-100%,3,3,5,1,5,2,4,4,4,4,4,2,M,BLANK,1,1,BLANK,BLANK,BLANK,BLANK,BLANK,BLANK,BLANK,BLANK,BLANK,BLANK,BLANK,,Cantonese,DSE 4 or below,2,ART,3.14,B-,3.16,3.17,CSC,No,2,0,14.30,1.00,0.00,0.00,0.00,0.00,1.00,3.00,3.00,6.00,8.00,5.00,5.00,6.00,6.00,25.00,15.00,3.00,4.00,2.50,1.00,1.00,8.50,10.63,4.00,3.50,2.00,2.00,2.00,9.50,23.75,69.68,2,2,2,2,2,4,4,4,4,4,0,1,BLANK,BLANK,BLANK,BLANK,BLANK,BLANK
1049,1617T1,UNFN,Kai Ming,10,Kai Ming,10,4,4,0,5,5,0,3,3,0,2,4,2,4,4,0,3,4,1,3,3,0,4,4,0,2,4,2,3,4,1,3,4,1,3,3,0,3,4,1,4,5,1,2,4,2,5,4,-1,2,4,2,6 to 7,6 to 7,3 to <6,2 to <3,61-80%,41-60%,4,4,4,4,3,4,4,3,3,4,4,3,M,1,1,BLANK,BLANK,BLANK,BLANK,BLANK,BLANK,BLANK,BLANK,BLANK,BLANK,BLANK,BLANK,,Cantonese,DSE 4 or below,2,ENF,1.70,C,1.83,1.87,CSC,No,2,0,12.50,1.00,0.00,0.00,0.00,0.00,1.00,0.00,0.00,0.00,6.00,8.00,5.00,5.00,2.00,24.00,14.40,2.00,3.00,2.00,1.00,1.00,7.00,8.75,4.00,3.50,2.00,1.50,2.00,9.00,22.50,58.15,4,4,3,3,4,3,3,3,3,3,0,BLANK,BLANK,BLANK,BLANK,1,BLANK,BLANK
1054,1617T1,UNFN,Kai Ming,10,Kai Ming,10,4,4,0,4,4,0,4,4,0,4,4,0,2,3,1,2,3,1,2,3,1,2,3,1,2,3,1,2,4,2,2,4,2,2,3,1,2,3,1,5,6,1,5,4,-1,4,5,1,4,5,1,8 to 9,8 to 9,3 to <6,less than 1,41-60%,61-80%,2,4,4,2,4,2,4,4,4,4,4,2,M,BLANK,BLANK,1,BLANK,BLANK,BLANK,BLANK,BLANK,BLANK,BLANK,BLANK,BLANK,BLANK,1,,Cantonese,DSE 4 or below,2,ENF,2.56,B,2.48,2.43,CCC,No,1,0,14.20,1.00,0.00,0.00,0.00,0.00,1.00,3.00,3.00,6.00,8.00,6.00,6.00,6.00,0.00,26.00,15.60,2.00,4.00,3.00,1.00,0.50,8.50,10.63,1.00,3.50,2.00,2.00,2.00,9.50,23.75,70.18,2,2,3,3,3,4,4,4,4,4,0,BLANK,BLANK,BLANK,BLANK,1,BLANK,BLANK
1062,1617T1,UNFN,Kai Ming,10,Kai Ming,10,4,6,2,6,6,0,3,5,2,4,5,1,3,5,2,2,4,2,3,3,0,3,6,3,2,6,4,3,5,2,3,5,2,4,5,1,4,6,2,5,5,0,5,5,0,5,6,1,5,6,1,6 to 7,8 to 9,6 to <10,2 to <3,81-100%,41-60%,3,4,5,2,4,1,5,4,3,4,4,2,F,BLANK,BLANK,1,BLANK,BLANK,BLANK,BLANK,BLANK,BLANK,BLANK,BLANK,BLANK,1,BLANK,,Cantonese,DSE 4 or below,2,ART,2.93,B-,3.03,3.07,CSC,No,1,0,14.70,1.00,2.00,2.00,2.00,7.00,0.00,0.00,0.00,0.00,7.00,5.00,6.00,5.00,4.00,23.00,13.80,2.00,4.00,2.50,0.50,1.00,8.00,10.00,1.00,3.50,2.00,2.00,2.00,9.50,23.75,69.25,4,5,4,4,5,NA,NA,NA,NA,NA,0,1,BLANK,BLANK,1,1,BLANK,BLANK
1064,1617T1,UNFN,Kai Ming,10,Kai Ming,10,5,5,0,5,5,0,4,4,0,4,4,0,2,3,1,4,4,0,6,5,-1,6,5,-1,4,5,1,5,5,0,5,5,0,4,4,0,3,4,1,3,5,2,4,4,0,4,5,1,6,5,-1,4 to 5,6 to 7,3 to <6,1 to <2,41-60%,81-100%,3,3,3,3,4,4,4,4,4,4,3,3,M,1,1,1,BLANK,BLANK,BLANK,BLANK,BLANK,BLANK,BLANK,BLANK,BLANK,BLANK,BLANK,,Cantonese,DSE 5 or above,2,SCF,3.57,B,3.48,3.44,CSC,No,3,0,14.50,1.00,2.00,0.00,0.00,2.00,0.00,0.00,0.00,0.00,8.00,8.00,8.00,7.00,5.00,31.00,18.60,3.00,4.00,2.50,1.00,1.00,8.50,10.63,2.00,4.00,2.50,2.00,2.00,10.50,26.25,71.98,2,3,3,3,4,NA,NA,NA,NA,NA,0,BLANK,BLANK,BLANK,BLANK,1,BLANK,BLANK
1066,1617T1,UNFN,Kai Ming,10,Kai Ming,10,4,5,1,5,6,1,4,5,1,4,5,1,4,5,1,3,5,2,4,5,1,5,5,0,3,5,2,3,5,2,4,5,1,4,6,2,3,5,2,5,6,1,5,5,0,5,6,1,5,6,1,8 to 9,4 to 5,6 to <10,3 to <4,81-100%,81-100%,3,4,4,3,4,4,4,4,4,4,4,4,M,BLANK,1,1,BLANK,BLANK,BLANK,BLANK,BLANK,BLANK,BLANK,BLANK,BLANK,BLANK,1,,Cantonese,DSE 5 or above,2,SSF,3.35,B+,3.29,3.25,CCC,No,2,0,15.70,1.00,0.00,0.00,0.00,0.00,1.00,3.00,4.00,7.00,8.00,7.00,8.00,4.00,8.00,31.00,18.60,3.00,3.50,2.50,1.00,1.00,8.00,10.00,4.00,4.00,2.50,1.50,2.00,10.00,25.00,76.30,NA,NA,NA,NA,4,5,5,5,5,5,0,BLANK,BLANK,BLANK,BLANK,1,BLANK,BLANK
1068,1617T1,UNFN,Kai Ming,10,Kai Ming,10,4,5,1,5,5,0,4,4,0,5,4,-1,5,5,0,5,5,0,5,5,0,5,5,0,4,4,0,4,4,0,5,5,0,4,5,1,4,5,1,5,5,0,4,5,1,5,5,0,5,5,0,6 to 7,2 to 3,3 to <6,2 to <3,81-100%,81-100%,3,4,4,2,4,3,4,4,4,4,4,3,F,1,1,1,BLANK,BLANK,BLANK,BLANK,BLANK,BLANK,BLANK,BLANK,BLANK,BLANK,BLANK,,Cantonese,DSE 5 or above,2,MED,2.23,B+,2.51,2.64,CSC,No,3,0,16.10,1.00,1.00,2.00,2.00,5.00,0.00,0.00,0.00,0.00,8.00,7.00,8.00,5.00,5.00,28.00,16.80,2.00,4.00,2.50,1.00,0.50,8.00,10.00,1.00,5.00,3.00,2.00,2.00,12.00,30.00,77.90,3,3,3,3,3,NA,NA,NA,NA,NA,0,1,BLANK,BLANK,BLANK,1,BLANK,BLANK
1076,1617T1,UNFN,Kai Ming,10,Kai Ming,10,4,5,1,5,5,0,5,5,0,5,5,0,2,4,2,2,3,1,1,2,1,4,3,-1,2,4,2,2,5,3,2,5,3,4,4,0,4,5,1,6,5,-1,4,5,1,5,5,0,5,5,0,8 to 9,8 to 9,3 to <6,2 to <3,41-60%,81-100%,3,5,4,2,4,3,3,3,4,4,4,1,F,BLANK,BLANK,BLANK,BLANK,BLANK,BLANK,1,1,BLANK,BLANK,BLANK,BLANK,BLANK,BLANK,,Cantonese,DSE 5 or above,2,SSF,2.98,B,3.11,3.17,CSC,No,0,2,14.40,1.00,2.00,2.00,0.00,4.00,0.00,0.00,0.00,0.00,9.00,7.00,7.00,8.00,7.00,31.00,18.60,3.00,4.00,2.00,1.00,1.00,8.00,10.00,2.00,4.00,2.50,2.00,2.00,10.50,26.25,73.25,1,1,2,2,4,NA,NA,NA,NA,NA,0,BLANK,BLANK,BLANK,1,BLANK,BLANK,BLANK
1093,1617T1,UNFN,Kai Ming,10,Kai Ming,10,4,5,1,5,5,0,4,4,0,5,5,0,4,4,0,5,5,0,6,6,0,6,6,0,6,6,0,6,6,0,5,6,1,5,5,0,NA,6,#VALUE!,NA,6,#VALUE!,4,5,1,5,6,1,5,5,0,2 to 3,8 to 9,1 to <3,1 to <2,61-80%,1-20%,4,5,5,3,5,3,5,5,5,5,5,3,F,BLANK,1,1,BLANK,BLANK,BLANK,BLANK,BLANK,BLANK,BLANK,BLANK,BLANK,BLANK,BLANK,,Cantonese,DSE 4 or below,2,SCF,3.12,B-,3.04,2.99,CCW,No,2,0,14.10,1.00,0.00,0.00,0.00,0.00,1.00,4.00,1.00,5.00,6.00,4.00,7.00,7.00,8.00,28.00,16.80,2.00,2.50,1.50,1.00,1.00,6.00,7.50,4.00,4.00,2.00,2.00,2.00,10.00,25.00,68.40,3,3,NA,NA,3,1,1,1,1,3,0,1,BLANK,BLANK,BLANK,BLANK,BLANK,BLANK
1098,1617T1,UNFN,Kai Ming,10,Kai Ming,10,6,5,-1,5,5,0,2,3,1,4,6,2,1,1,0,2,2,0,1,2,1,3,4,1,2,4,2,2,4,2,3,5,2,2,5,3,3,3,0,3,4,1,3,5,2,4,5,1,5,5,0,0 to 1,10 to 11,less than 1,less than 1,61-80%,81-100%,5,5,5,4,5,3,4,4,4,5,5,3,M,BLANK,BLANK,BLANK,BLANK,BLANK,BLANK,BLANK,BLANK,BLANK,BLANK,BLANK,BLANK,1,BLANK,,Cantonese,DSE 4 or below,2,ENF,2.96,C+,2.69,2.54,CCC,No,0,0,14.70,1.00,0.00,0.00,1.00,1.00,0.00,0.00,0.00,0.00,9.00,5.00,6.00,4.00,4.00,24.00,14.40,2.00,3.50,2.00,1.00,0.50,7.00,8.75,1.00,4.00,2.00,1.50,1.00,8.50,21.25,60.10,3,3,2,2,1,NA,NA,NA,NA,NA,0,BLANK,BLANK,BLANK,BLANK,1,BLANK,BLANK
1099,1617T1,UNFN,Kai Ming,10,Kai Ming,10,4,4,0,4,4,0,4,4,0,4,4,0,4,4,0,4,4,0,5,4,-1,6,5,-1,1,4,3,4,4,0,3,4,1,4,4,0,4,4,0,5,4,-1,5,4,-1,4,4,0,5,5,0,10 to 11,0 to 1,3 to <6,1 to <2,61-80%,81-100%,3,4,4,3,4,4,4,4,4,4,4,4,M,1,1,1,BLANK,BLANK,BLANK,BLANK,BLANK,BLANK,BLANK,BLANK,BLANK,BLANK,BLANK,,Cantonese,DSE 5 or above,2,SSF,3.27,B,3.40,3.46,CYS,No,3,0,14.30,1.00,1.00,1.00,2.00,4.00,0.00,0.00,0.00,0.00,8.00,10.00,7.00,8.00,9.00,35.00,21.00,3.00,4.00,2.50,1.00,0.50,8.00,10.00,4.00,3.50,2.50,2.00,2.00,10.00,25.00,74.30,2,2,3,3,3,NA,NA,NA,NA,NA,0,1,1,BLANK,BLANK,1,BLANK,BLANK
1114,1617T1,UNFN,Kai Ming,10,Kai Ming,10,4,5,1,5,5,0,4,5,1,4,4,0,3,4,1,4,4,0,5,4,-1,4,4,0,3,4,1,4,5,1,4,5,1,4,5,1,4,5,1,4,5,1,4,5,1,5,4,-1,4,3,-1,0 to 1,6 to 7,1 to <3,1 to <2,21-40%,81-100%,2,3,4,2,4,4,4,4,4,4,4,4,M,1,BLANK,1,BLANK,BLANK,BLANK,BLANK,BLANK,BLANK,BLANK,BLANK,BLANK,BLANK,BLANK,,Cantonese,DSE 4 or below,2,SCF,3.60,B+,3.43,3.35,CNA,No,2,0,13.60,1.00,2.00,2.00,2.00,6.00,0.00,0.00,0.00,0.00,9.00,9.00,7.00,5.00,5.00,30.00,18.00,1.00,4.50,3.50,1.00,0.50,9.50,11.88,4.00,4.00,3.00,2.00,2.00,11.00,27.50,76.98,2,2,3,2,4,NA,NA,NA,NA,NA,0,BLANK,BLANK,BLANK,BLANK,BLANK,1,BLANK
1129,1617T1,UNFN,Kai Ming,10,Kai Ming,10,4,5,1,4,5,1,4,5,1,4,5,1,4,5,1,5,5,0,5,6,1,5,6,1,3,6,3,4,5,1,4,6,2,4,5,1,4,5,1,4,5,1,4,5,1,4,6,2,4,6,2,8 to 9,0 to 1,3 to <6,1 to <2,81-100%,81-100%,4,4,4,3,4,NA,5,5,5,5,5,5,M,1,1,BLANK,BLANK,BLANK,BLANK,BLANK,BLANK,BLANK,BLANK,BLANK,BLANK,BLANK,BLANK,,Cantonese,DSE 4 or below,2,SCF,2.85,A-,2.48,2.27,CWS,No,2,0,17.80,1.00,0.00,0.00,0.00,0.00,1.00,3.00,3.00,6.00,7.00,7.00,8.00,7.00,6.00,29.00,17.40,2.00,5.50,3.50,1.00,1.00,11.00,13.75,3.00,4.00,3.00,2.00,2.00,11.00,27.50,82.45,NA,NA,NA,NA,NA,3,4,4,4,4,0,BLANK,BLANK,BLANK,BLANK,1,BLANK,BLANK
1132,1617T1,UNFN,Kai Ming,10,Kai Ming,10,3,6,3,6,6,0,2,6,4,2,6,4,4,6,2,1,6,5,3,6,3,6,6,0,2,6,4,2,6,4,6,6,0,2,6,4,3,6,3,3,6,3,3,6,3,3,6,3,4,6,2,10 to 11,0 to 1,3 to <6,3 to <4,81-100%,81-100%,5,3,1,1,1,NA,1,1,1,1,1,NA,M,BLANK,1,1,BLANK,BLANK,BLANK,BLANK,BLANK,BLANK,BLANK,BLANK,BLANK,BLANK,1,,Cantonese,DSE 5 or above,2,SLAW,3.48,A,3.53,3.57,CCW,No,2,0,17.40,1.00,0.00,0.00,0.00,0.00,1.00,4.00,3.00,7.00,8.00,9.00,10.00,10.00,9.00,38.00,22.80,3.00,5.00,3.00,1.00,1.00,10.00,12.50,3.00,5.00,4.00,2.00,2.00,13.00,32.50,92.20,4,5,NA,NA,NA,5,5,5,5,5,0,BLANK,BLANK,BLANK,BLANK,BLANK,BLANK,1
1135,1617T1,UNFN,Kai Ming,10,Kai Ming,10,4,5,1,4,6,2,4,5,1,3,4,1,3,4,1,2,4,2,2,5,3,3,5,2,2,5,3,2,4,2,2,4,2,2,5,3,3,5,2,4,5,1,3,4,1,4,5,1,4,4,0,6 to 7,8 to 9,3 to <6,4 to <5,61-80%,81-100%,3,4,4,3,3,3,3,3,4,4,4,3,F,BLANK,BLANK,BLANK,BLANK,BLANK,BLANK,BLANK,BLANK,1,BLANK,BLANK,BLANK,1,BLANK,,Cantonese,DSE 5 or above,2,ART,3.28,B,3.31,3.32,CNA,No,0,1,13.50,1.00,2.00,2.00,2.00,6.00,0.00,0.00,0.00,0.00,7.00,5.00,7.00,7.00,7.00,28.00,16.80,3.00,4.00,2.50,1.00,1.00,8.50,10.63,2.00,4.50,2.00,2.00,2.00,10.50,26.25,73.18,4,4,3,4,5,NA,NA,NA,NA,NA,0,BLANK,1,BLANK,BLANK,1,BLANK,BLANK
1139,1617T1,UNFN,Kai Ming,10,Kai Ming,10,5,5,0,5,4,-1,5,5,0,5,5,0,4,3,-1,5,4,-1,5,5,0,5,6,1,4,5,1,5,5,0,5,5,0,5,5,0,5,5,0,6,4,-2,6,5,-1,6,5,-1,5,5,0,8 to 9,0 to 1,3 to <6,2 to <3,81-100%,81-100%,4,5,4,2,4,4,4,4,4,4,3,3,M,1,1,BLANK,BLANK,BLANK,BLANK,BLANK,BLANK,BLANK,BLANK,BLANK,BLANK,1,BLANK,,Cantonese,DSE 5 or above,2,BAF,3.50,A,3.53,3.54,CSC,No,2,0,15.20,1.00,2.00,2.00,2.00,6.00,0.00,0.00,0.00,0.00,8.00,10.00,9.00,9.00,8.00,36.00,21.60,1.00,4.50,3.00,1.00,1.00,9.50,11.88,4.00,5.50,3.50,2.00,2.00,13.00,32.50,87.18,4,4,4,4,4,NA,NA,NA,NA,NA,0,BLANK,BLANK,BLANK,BLANK,1,BLANK,BLANK
1150,1617T1,UNFN,Kai Ming,10,Kai Ming,10,4,4,0,5,4,-1,3,4,1,3,4,1,4,4,0,3,4,1,4,5,1,5,5,0,3,4,1,3,4,1,4,4,0,3,4,1,3,3,0,4,4,0,3,4,1,5,5,0,4,4,0,8 to 9,0 to 1,1 to <3,1 to <2,61-80%,81-100%,3,4,4,2,4,3,4,4,4,4,4,3,M,1,1,BLANK,BLANK,BLANK,BLANK,BLANK,BLANK,BLANK,BLANK,BLANK,BLANK,BLANK,BLANK,,Cantonese,DSE 4 or below,2,ART,2.83,C+,3.10,3.25,CUC,No,2,0,11.80,1.00,2.00,0.00,2.00,4.00,0.00,0.00,0.00,0.00,7.00,9.00,4.00,6.00,2.00,26.00,15.60,1.00,3.00,2.00,1.00,1.00,7.00,8.75,1.00,3.00,2.00,2.00,2.00,9.00,22.50,62.65,3,4,4,4,4,NA,NA,NA,NA,NA,0,BLANK,BLANK,BLANK,BLANK,BLANK,1,BLANK
1160,1617T1,UNFN,Kai Ming,10,Kai Ming,10,4,3,-1,6,6,0,2,5,3,2,5,3,2,1,-1,4,4,0,6,6,0,6,6,0,4,4,0,4,3,-1,4,3,-1,4,3,-1,4,4,0,6,3,-3,4,4,0,6,5,-1,6,6,0,0 to 1,2 to 3,less than 1,less than 1,0,81-100%,1,5,5,1,4,3,4,3,3,4,3,4,M,1,BLANK,BLANK,BLANK,BLANK,BLANK,BLANK,BLANK,BLANK,BLANK,BLANK,BLANK,BLANK,BLANK,,Cantonese,DSE 4 or below,2,SCF,2.62,C,2.79,3.00,CUC,No,1,0,14.80,1.00,1.00,0.00,0.00,1.00,0.00,0.00,0.00,0.00,5.00,6.00,5.00,4.00,3.00,20.00,12.00,2.00,3.00,2.00,0.00,0.50,5.50,6.88,2.00,3.50,2.00,1.50,1.50,8.50,21.25,55.93,1,1,1,1,1,NA,NA,NA,NA,NA,0,BLANK,BLANK,BLANK,BLANK,1,BLANK,BLANK
1163,1617T1,UNFN,Kai Ming,10,Kai Ming,10,5,5,0,5,5,0,5,5,0,5,5,0,4,5,1,4,5,1,4,5,1,4,5,1,4,5,1,4,5,1,4,5,1,4,5,1,4,5,1,4,5,1,5,5,0,5,5,0,5,5,0,10 to 11,0 to 1,more than 15,3 to <4,81-100%,81-100%,4,4,4,4,4,4,4,4,4,4,4,4,M,BLANK,1,BLANK,BLANK,BLANK,BLANK,BLANK,BLANK,BLANK,BLANK,BLANK,BLANK,1,BLANK,,Cantonese,DSE 5 or above,2,BAF,3.62,A-,3.57,3.55,CNA,No,1,0,16.00,1.00,2.00,2.00,2.00,6.00,0.00,0.00,0.00,0.00,10.00,9.00,8.00,10.00,10.00,39.00,23.40,2.00,3.50,3.00,1.00,1.00,8.50,10.63,4.00,4.00,2.50,2.00,2.00,10.50,26.25,82.28,2,2,3,3,4,NA,NA,NA,NA,NA,0,BLANK,BLANK,BLANK,BLANK,1,BLANK,BLANK
1174,1617T1,UNFN,Kai Ming,10,Kai Ming,10,4,5,1,5,5,0,5,5,0,4,4,0,5,5,0,5,4,-1,6,6,0,5,5,0,4,5,1,5,5,0,5,5,0,5,5,0,4,5,1,4,4,0,4,4,0,4,5,1,5,4,-1,6 to 7,0 to 1,10 to <15,3 to <4,61-80%,81-100%,3,3,4,4,4,3,4,4,4,4,4,3,M,1,1,1,BLANK,BLANK,BLANK,BLANK,BLANK,BLANK,BLANK,BLANK,BLANK,BLANK,BLANK,,Cantonese,DSE 5 or above,2,SLAW,3.54,A-,3.59,3.67,CNA,No,3,0,14.50,1.00,2.00,2.00,2.00,7.00,0.00,0.00,0.00,0.00,9.00,8.00,10.00,10.00,9.00,38.00,22.80,2.00,3.50,2.50,1.00,1.00,8.00,10.00,4.00,4.50,2.50,2.00,1.50,10.50,26.25,80.55,3,3,3,3,3,NA,NA,NA,NA,NA,0,BLANK,BLANK,BLANK,BLANK,1,BLANK,BLANK
1176,1617T1,UNFN,Kai Ming,10,Kai Ming,10,5,6,1,5,6,1,4,6,2,4,4,0,3,3,0,3,4,1,2,4,2,3,3,0,3,4,1,5,5,0,5,4,-1,3,2,-1,3,6,3,5,6,1,5,6,1,5,5,0,3,3,0,8 to 9,4 to 5,3 to <6,2 to <3,1-20%,81-100%,4,4,4,4,4,4,4,4,2,4,4,2,M,1,1,BLANK,BLANK,BLANK,BLANK,BLANK,BLANK,BLANK,BLANK,BLANK,BLANK,BLANK,BLANK,,Cantonese,DSE 4 or below,2,ENSCF,3.38,A-,3.39,3.39,CYS,No,2,0,15.90,1.00,1.00,1.00,0.00,2.00,0.00,0.00,0.00,0.00,6.00,9.00,8.00,9.00,6.00,32.00,19.20,1.00,4.50,3.00,1.00,1.00,9.50,11.88,4.00,5.50,3.00,2.00,2.00,12.50,31.25,80.23,1,3,2,4,4,NA,NA,NA,NA,NA,0,BLANK,BLANK,1,BLANK,BLANK,BLANK,BLANK
1189,1617T1,UNFN,Kai Ming,10,Kai Ming,10,4,5,1,5,5,0,5,5,0,5,5,0,5,6,1,4,6,2,4,5,1,6,5,-1,3,5,2,4,5,1,4,6,2,4,5,1,5,5,0,6,5,-1,4,6,2,4,5,1,5,5,0,8 to 9,0 to 1,6 to <10,1 to <2,1-20%,81-100%,5,5,5,4,5,4,5,5,5,5,4,4,M,1,1,BLANK,BLANK,BLANK,BLANK,BLANK,BLANK,BLANK,BLANK,BLANK,BLANK,1,BLANK,,Cantonese,DSE 5 or above,2,ART,3.62,A-,3.40,3.30,CNA,No,2,0,14.80,1.00,2.00,2.00,2.00,6.00,0.00,0.00,0.00,0.00,6.00,7.00,10.00,10.00,9.00,36.00,21.60,1.00,4.50,3.00,1.00,1.00,9.50,11.88,4.00,4.50,2.50,2.00,2.00,11.00,27.50,81.78,5,4,5,4,4,NA,NA,NA,NA,NA,0,BLANK,BLANK,BLANK,BLANK,1,1,BLANK
1192,1617T1,UNFN,Kai Ming,10,Kai Ming,10,4,4,0,4,4,0,5,4,-1,5,4,-1,4,5,1,3,4,1,3,3,0,4,3,-1,2,3,1,2,3,1,2,3,1,4,3,-1,4,4,0,4,4,0,3,4,1,4,4,0,5,4,-1,10 to 11,10 to 11,10 to <15,4 to <5,81-100%,61-80%,BLANK,BLANK,BLANK,BLANK,BLANK,BLANK,BLANK,BLANK,BLANK,BLANK,BLANK,BLANK,F,BLANK,1,1,BLANK,BLANK,BLANK,BLANK,BLANK,BLANK,BLANK,BLANK,BLANK,1,BLANK,,Cantonese,DSE 5 or above,2,EDU,2.78,B+,2.97,3.05,CWS,No,2,0,14.60,1.00,0.00,0.00,0.00,0.00,1.00,3.00,3.00,6.00,9.00,5.00,8.00,6.00,6.00,29.00,17.40,1.00,4.00,2.50,1.00,1.00,8.50,10.63,3.00,5.00,2.50,2.00,2.00,11.50,28.75,77.38,BLANK,BLANK,BLANK,BLANK,BLANK,BLANK,BLANK,BLANK,BLANK,BLANK,BLANK,BLANK,BLANK,BLANK,BLANK,BLANK,BLANK,BLANK
1193,1617T1,UNFN,Kai Ming,10,Kai Ming,10,4,5,1,5,4,-1,6,5,-1,2,5,3,5,5,0,5,5,0,4,4,0,5,6,1,3,6,3,4,6,2,4,6,2,3,4,1,5,5,0,5,5,0,5,6,1,4,5,1,4,6,2,10 to 11,0 to 1,6 to <10,3 to <4,41-60%,61-80%,4,5,5,2,5,3,4,4,5,5,5,NA,M,1,1,1,BLANK,BLANK,BLANK,BLANK,BLANK,BLANK,BLANK,BLANK,BLANK,BLANK,BLANK,,Cantonese,DSE 5 or above,2,SCF,3.83,A,3.77,3.74,CUC,No,3,0,17.80,1.00,0.00,0.00,0.00,0.00,1.00,3.00,4.00,7.00,10.00,10.00,8.00,10.00,8.00,38.00,22.80,1.00,5.00,3.00,1.00,1.00,10.00,12.50,2.00,5.50,3.50,2.00,2.00,13.00,32.50,92.60,NA,NA,NA,NA,NA,5,4,5,4,5,0,BLANK,BLANK,BLANK,BLANK,1,BLANK,BLANK
1196,1617T1,UNFN,Kai Ming,10,Kai Ming,10,5,6,1,3,6,3,5,6,1,5,6,1,5,6,1,3,6,3,3,5,2,4,5,1,3,4,1,3,4,1,3,4,1,3,5,2,4,6,2,5,5,0,5,6,1,5,5,0,5,5,0,6 to 7,4 to 5,3 to <6,3 to <4,41-60%,41-60%,4,4,4,4,4,4,4,4,4,4,4,4,M,BLANK,1,BLANK,BLANK,BLANK,BLANK,BLANK,1,BLANK,BLANK,BLANK,BLANK,BLANK,BLANK,,Cantonese,DSE 5 or above,2,SLAW,2.33,B-,2.54,2.66,CWS,No,1,1,13.20,1.00,0.00,0.00,0.00,0.00,1.00,4.00,3.00,7.00,5.00,4.00,7.00,8.00,2.00,24.00,14.40,2.00,4.00,2.50,1.00,1.00,8.50,10.63,3.00,3.50,2.00,2.00,1.50,9.00,22.50,67.73,4,4,4,4,4,4,4,4,5,5,0,BLANK,BLANK,BLANK,BLANK,BLANK,BLANK,BLANK
1201,1617T1,UNFN,Kai Ming,10,Kai Ming,10,5,6,1,5,6,1,4,4,0,4,5,1,3,5,2,2,4,2,3,5,2,3,6,3,3,6,3,4,6,2,4,6,2,2,6,4,4,6,2,6,6,0,5,5,0,6,6,0,4,5,1,6 to 7,0 to 1,3 to <6,2 to <3,1-20%,81-100%,3,5,5,3,5,3,4,5,5,5,5,2,F,BLANK,1,BLANK,BLANK,BLANK,BLANK,BLANK,BLANK,BLANK,BLANK,1,BLANK,1,BLANK,,Cantonese,DSE 5 or above,2,ART,2.86,C+,2.94,2.98,CCC,No,1,0,13.30,1.00,2.00,2.00,1.00,5.00,0.00,0.00,0.00,0.00,5.00,6.00,9.00,5.00,3.00,25.00,15.00,1.00,2.00,1.50,1.00,1.00,5.50,6.88,1.00,3.00,1.50,1.50,2.00,8.00,20.00,60.18,4,5,5,5,5,NA,NA,NA,NA,NA,1,BLANK,BLANK,BLANK,BLANK,BLANK,BLANK,BLANK
1209,1617T1,UNFN,Kai Ming,10,Kai Ming,10,4,5,1,4,5,1,4,4,0,3,4,1,3,3,0,4,5,1,4,4,0,5,5,0,3,4,1,3,4,1,4,4,0,4,5,1,4,4,0,4,5,1,4,5,1,5,5,0,5,4,-1,0 to 1,0 to 1,1 to <3,1 to <2,21-40%,81-100%,4,3,5,4,4,4,4,4,4,4,4,4,M,BLANK,BLANK,BLANK,BLANK,BLANK,BLANK,BLANK,1,1,BLANK,BLANK,BLANK,1,BLANK,,BLANK,DSE 4 or below,2,SSF,2.52,A-,2.87,3.05,CUC,No,0,2,16.20,1.00,0.00,0.00,0.00,0.00,1.00,4.00,3.00,7.00,9.00,9.00,9.00,6.00,7.00,34.00,20.40,3.00,4.00,2.50,1.00,1.00,8.50,10.63,3.00,4.50,2.50,2.00,2.00,11.00,27.50,81.73,NA,NA,NA,NA,NA,4,3,4,4,4,0,BLANK,BLANK,BLANK,BLANK,1,BLANK,BLANK
1216,1617T1,UNFN,Kai Ming,10,Kai Ming,10,4,5,1,5,6,1,4,5,1,4,5,1,4,5,1,4,5,1,4,5,1,4,5,1,3,5,2,3,5,2,3,5,2,3,5,2,3,5,2,5,5,0,4,5,1,5,5,0,4,5,1,4 to 5,8 to 9,6 to <10,2 to <3,61-80%,81-100%,3,4,4,3,4,4,4,4,4,4,4,4,F,BLANK,BLANK,BLANK,BLANK,BLANK,BLANK,BLANK,1,BLANK,BLANK,BLANK,BLANK,1,1,,Cantonese,DSE 5 or above,2,SSF,3.40,B,3.19,3.09,CWS,No,0,1,13.40,1.00,2.00,2.00,2.00,6.00,0.00,0.00,0.00,0.00,10.00,9.00,7.00,7.00,9.00,35.00,21.00,2.00,4.00,2.00,1.00,1.00,8.00,10.00,1.00,3.50,2.00,2.00,2.00,9.50,23.75,74.15,4,4,3,4,4,NA,NA,NA,NA,NA,0,BLANK,BLANK,BLANK,BLANK,1,BLANK,BLANK
1218,1617T1,UNFN,Kai Ming,10,Kai Ming,10,4,5,1,5,6,1,3,3,0,3,3,0,4,4,0,4,5,1,5,6,1,5,5,0,4,5,1,5,5,0,4,5,1,5,5,0,6,4,-2,5,5,0,5,6,1,4,5,1,4,4,0,6 to 7,8 to 9,3 to <6,2 to <3,41-60%,41-60%,4,4,5,2,4,5,3,4,4,4,5,NA,F,BLANK,1,1,BLANK,BLANK,BLANK,BLANK,BLANK,BLANK,BLANK,BLANK,BLANK,1,BLANK,,Cantonese,DSE 4 or below,2,MED,3.26,B+,3.09,3.01,CUC,No,2,0,12.80,1.00,0.00,0.00,0.00,0.00,1.00,4.00,3.00,7.00,7.00,8.00,10.00,9.00,8.00,35.00,21.00,1.00,3.00,1.50,0.50,1.00,6.00,7.50,4.00,4.50,2.50,2.00,2.00,11.00,27.50,75.80,NA,NA,NA,NA,NA,3,4,5,5,4,0,1,BLANK,BLANK,BLANK,1,BLANK,BLANK
1226,1617T1,UNFN,Kai Ming,10,Kai Ming,10,3,5,2,4,5,1,3,5,2,2,3,1,2,3,1,2,2,0,2,3,1,3,4,1,3,4,1,3,4,1,4,4,0,4,5,1,4,5,1,4,4,0,4,4,0,4,4,0,4,4,0,10 to 11,10 to 11,1 to <3,1 to <2,81-100%,81-100%,4,4,4,3,4,4,4,4,4,4,4,2,F,BLANK,BLANK,BLANK,BLANK,BLANK,BLANK,BLANK,1,BLANK,BLANK,BLANK,BLANK,BLANK,BLANK,,Cantonese,DSE 4 or below,2,SSF,3.38,A-,3.34,3.33,CCW,No,0,1,17.40,1.00,2.00,2.00,2.00,6.00,0.00,0.00,0.00,0.00,8.00,7.00,8.00,10.00,4.00,33.00,19.80,2.00,4.00,2.50,1.00,1.00,8.50,10.63,3.00,4.00,2.50,2.00,2.00,10.50,26.25,80.08,2,2,3,3,3,NA,NA,NA,NA,NA,0,BLANK,BLANK,BLANK,1,BLANK,BLANK,BLANK
